INSERT INTO "admins"("id", "name", "email", "phone", "address", "password", "remember_token", "created_at", "updated_at") VALUES (1, 'King', 'admin@demo.com', '0987654321', NULL, '$2y$10$88oilGMdIwAjYXvlijWCuuJbZlTvWBcoCTe06slvePjvUgOhFOxiC', 'qZBpmeiIap', '2019-05-09 00:33:29', '2019-05-09 00:33:29');
INSERT INTO "admins"("id", "name", "email", "phone", "address", "password", "remember_token", "created_at", "updated_at") VALUES (2, 'Cô. Phó Ngân', 'thi11@example.net', '84-122-383-7971', '9211, Thôn Chung Ly, Xã Sinh Phí, Quận Mâu\nTây Ninh', '$2y$10$FBiqbmco9gG/tNq0rsrrMu9Aou2ORJv.kBbPdfhd/XwGwdNR5CSrO', 'EcH0HkmJfc', '2019-05-09 00:33:29', '2019-05-09 00:33:29');
INSERT INTO "admins"("id", "name", "email", "phone", "address", "password", "remember_token", "created_at", "updated_at") VALUES (3, 'Ty Đăng Trân', 'mho@example.com', '(066)058-7221', '15, Ấp 4, Phường Nhã Dương, Huyện Nhung Lại\nHà Giang', '$2y$10$qVy08IO9S5jVrSWBRKBShuN/dqoWUH8.H3sVyxzOEz/glX2SVpYHu', 'f9MJsfG9DF', '2019-05-09 00:33:29', '2019-05-09 00:33:29');
INSERT INTO "admins"("id", "name", "email", "phone", "address", "password", "remember_token", "created_at", "updated_at") VALUES (4, 'Em. Tào Việt Thêu', 'nhan05@example.org', '0321 014 8522', '0 Phố Thạch Uyển Thạch, Phường Huệ Thoa, Huyện Hiệp Đại\nĐắk Nông', '$2y$10$0NH1BANKORS6oCGHwC6dqO4qeyXyYp67oVTkztZdv1gM26EmmRg0q', 'uJWoXYWiOG', '2019-05-09 00:33:29', '2019-05-09 00:33:29');
INSERT INTO "admins"("id", "name", "email", "phone", "address", "password", "remember_token", "created_at", "updated_at") VALUES (5, 'Em. Đái Đại', 'tien.giang@example.com', '030 731 0900', '7468 Phố Chiêu, Xã 09, Huyện 66\nHà Nam', '$2y$10$qtKubtHta4ut4N1HY.jsluUHlXzNEH1MJ6nNAzWku5cenNpGHPQ9m', 'u4KFtP0RiP', '2019-05-09 00:33:30', '2019-05-09 00:33:30');
INSERT INTO "admins"("id", "name", "email", "phone", "address", "password", "remember_token", "created_at", "updated_at") VALUES (6, 'Sơn Liêm', 'vy42@example.net', '(84)(76)687-3723', '9, Ấp 7, Ấp Lạc Sa, Quận Chế\nĐắk Nông', '$2y$10$mMjnow2lSoDvgC62P7SceezYql/3YNnoMPn6RQjLESb79ye5ssX3G', 'G1OXNiZwXO', '2019-05-09 00:33:30', '2019-05-09 00:33:30');
INSERT INTO "admins"("id", "name", "email", "phone", "address", "password", "remember_token", "created_at", "updated_at") VALUES (7, 'Anh. Thạch Tân', 'ngc.c@example.com', '84-124-571-7414', '1, Ấp Danh Nhiệm, Phường Hành, Huyện Hoài Lạc\nThái Nguyên', '$2y$10$WMgtyc/bIw4wb1thLCHOBu44zNS0BslGzEnijNUxHZKcHfJLTzlwm', 'J0ktor87yl', '2019-05-09 00:33:30', '2019-05-09 00:33:30');
INSERT INTO "admins"("id", "name", "email", "phone", "address", "password", "remember_token", "created_at", "updated_at") VALUES (8, 'Chị. Dư Vân Lộc', 'dieu05@example.net', '(0126) 397 9538', '062 Phố Bá Hạnh Ty, Phường Chu, Huyện 74\nBắc Giang', '$2y$10$Dzpz6pYVv17/axDowynj0eAl5Ef.OU9rHN.swMPdYxweGLIEIGlIy', 'zNNhuKSFAM', '2019-05-09 00:33:30', '2019-05-09 00:33:30');
INSERT INTO "admins"("id", "name", "email", "phone", "address", "password", "remember_token", "created_at", "updated_at") VALUES (9, 'Cự Diệu', 'mnong@example.com', '0230-378-3096', '502 Phố Mã Bằng Uy, Xã An Dân, Huyện Quế Hiếu\nHồ Chí Minh', '$2y$10$gJYa.njhHFC5mcLbgawVLO5gK/CT6rBrwP4DzS1jtN0mhHNHQ0Geu', 'xHYTxPjR6O', '2019-05-09 00:33:30', '2019-05-09 00:33:30');
INSERT INTO "admins"("id", "name", "email", "phone", "address", "password", "remember_token", "created_at", "updated_at") VALUES (10, 'Hạ Tiền', 'vo.pho@example.com', '066-206-3611', '9 Phố Quỳnh, Xã 5, Huyện Bào\nVĩnh Phúc', '$2y$10$Ed8C04xjsGVOz3vMX4DKwOd3up2FYWf4u2ZIhwAjzRxR8.lL46Om6', '5K6LS356VC', '2019-05-09 00:33:30', '2019-05-09 00:33:30');
INSERT INTO "admins"("id", "name", "email", "phone", "address", "password", "remember_token", "created_at", "updated_at") VALUES (11, 'Đường Hoài', 'tu.sam@example.com', '(059) 120 9584', '7749, Thôn 30, Thôn Lữ Tiên, Quận Trương Hạnh\nHà Nam', '$2y$10$e9pR9efW2Ti/L1XanYTI8OPDzrvcRqKPF3OK9OELwoEEAQiAVjRYm', 'AoZdTp6s8p', '2019-05-09 00:33:30', '2019-05-09 00:33:30');
INSERT INTO "admins"("id", "name", "email", "phone", "address", "password", "remember_token", "created_at", "updated_at") VALUES (12, 'Danh Danh Tiển', 'thang.bang@example.org', '031 709 8413', '5497, Thôn 9, Xã Giáp, Huyện Tài Hoa\nSóc Trăng', '$2y$10$jq3v1S0T/oNgdJxzIS39r.gLT2HS4Op.pMjpAoIH0NpfGkUNndkMi', 'OqJvBshDcJ', '2019-05-09 00:33:30', '2019-05-09 00:33:30');
INSERT INTO "admins"("id", "name", "email", "phone", "address", "password", "remember_token", "created_at", "updated_at") VALUES (13, 'Cung Mạnh Học', 'hy.dinh@example.net', '(055)340-6124', '2 Phố Điền Dương Hoàn, Thôn San Nữ, Huyện Đức\nTiền Giang', '$2y$10$WkhdJ0v8UahGyOhApZkvdeINxEL0BzIvYtR3kJz9LJ/Grr7ZJHFwm', 'ppVS7vuDmc', '2019-05-09 00:33:30', '2019-05-09 00:33:30');
INSERT INTO "admins"("id", "name", "email", "phone", "address", "password", "remember_token", "created_at", "updated_at") VALUES (14, 'Khương Tường Giang', 'zda@example.org', '(0188) 335 7041', '1 Phố Hoài, Ấp Ngân Sĩ, Quận Trí\nLào Cai', '$2y$10$w5Hb3u58omOxxPy1umrvW.p/w33Wsn9vqILQwtnhxHsguN5OEl5OO', 'ju8IfFR6KG', '2019-05-09 00:33:30', '2019-05-09 00:33:30');
INSERT INTO "admins"("id", "name", "email", "phone", "address", "password", "remember_token", "created_at", "updated_at") VALUES (15, 'Quách Hà Dung', 'khuu.thi@example.org', '0218 586 1199', '603 Phố Hoa Hòa Thắng, Ấp Giao Thảo, Quận 2\nCao Bằng', '$2y$10$GKggBYxQ2By.c5DIcZzqNe0flI8VY/Lbed3n3BG8X4jxmJWhEbaAG', '3GrzwknLYL', '2019-05-09 00:33:30', '2019-05-09 00:33:30');
INSERT INTO "admins"("id", "name", "email", "phone", "address", "password", "remember_token", "created_at", "updated_at") VALUES (16, 'Từ Ngạn', 'dan.thuan@example.com', '070 337 1584', '5091, Thôn Phúc Thúy, Phường 9, Quận Đàm\nNinh Thuận', '$2y$10$yxhCV9kV7qokqXeanSY.SuaVR39jK63v4jRuhHD9QskphSUm38eYy', 'JXoNruNMHd', '2019-05-09 00:33:30', '2019-05-09 00:33:30');
INSERT INTO "admins"("id", "name", "email", "phone", "address", "password", "remember_token", "created_at", "updated_at") VALUES (17, 'Trà Dũng Chính', 'ekha@example.org', '073-858-4732', '54, Thôn Cung Nhân, Phường Tường Huynh, Huyện 42\nGia Lai', '$2y$10$qfmB84LDqFsrmjXv4AMsIe0Rytk2R/ezuErgQuBQMk2pq5KRhe69y', 'M4ubwrGNKP', '2019-05-09 00:33:31', '2019-05-09 00:33:31');
INSERT INTO "admins"("id", "name", "email", "phone", "address", "password", "remember_token", "created_at", "updated_at") VALUES (18, 'Chú. Kim Chấn Thái', 'thach59@example.org', '031-044-9016', '662 Phố Hy Toại Du, Xã Xuân Phụng, Quận Ông\nCần Thơ', '$2y$10$2hXOvFbOpboIGnRIz.79Ju0wMfvQG1MLbneEvPlvt/wxqn7hJAgvO', 'lZCvbrpRMV', '2019-05-09 00:33:31', '2019-05-09 00:33:31');
INSERT INTO "admins"("id", "name", "email", "phone", "address", "password", "remember_token", "created_at", "updated_at") VALUES (19, 'Phùng Cúc', 'thuy.tieu@example.org', '+84-125-666-3816', '4 Phố Võ, Ấp Anh Nguyên, Huyện 36\nĐắk Nông', '$2y$10$7F.g7hol402pVxKuXpl8f.djfRX0FGsT1aMSkw5zSITE.GX4eWMP6', 'MnP9GgOw44', '2019-05-09 00:33:31', '2019-05-09 00:33:31');
INSERT INTO "admins"("id", "name", "email", "phone", "address", "password", "remember_token", "created_at", "updated_at") VALUES (20, 'Hứa Khởi Mỹ', 'hau80@example.org', '+84-76-125-5026', '6337, Ấp 31, Phường Dân Trác, Quận 4\nTiền Giang', '$2y$10$BBAzqdrrcEtbrfmVhjd/LeUCbcyGneKEvauZW0LfuwXvS/jxAfFB2', 'XQJN9DAfP4', '2019-05-09 00:33:31', '2019-05-09 00:33:31');
INSERT INTO "admins"("id", "name", "email", "phone", "address", "password", "remember_token", "created_at", "updated_at") VALUES (21, 'Anh. Khổng Hạo Bổng', 'dung.chu@example.net', '(0241)805-8197', '251 Phố Bàng Hạ Sang, Xã 8, Quận 8\nBình Phước', '$2y$10$9zmpwaj0Ck4AmyQtyW0T2OpYp3OsJMgvu1jKl1UH8S0QG6LIL2aRm', '5AfnDhfGIr', '2019-05-09 00:33:31', '2019-05-09 00:33:31');
INSERT INTO "roles"("id", "name", "created_at", "updated_at") VALUES (1, 'Admin', '2019-05-09 00:33:29', '2019-05-09 00:33:29');
INSERT INTO "roles"("id", "name", "created_at", "updated_at") VALUES (2, 'Editor', '2019-05-09 00:33:29', '2019-05-09 00:33:29');
INSERT INTO "roles"("id", "name", "created_at", "updated_at") VALUES (3, 'Manager', '2019-05-09 00:33:29', '2019-05-13 22:18:19');
INSERT INTO "permissions"("id", "name", "type", "created_at", "updated_at") VALUES (1, 'create-post', 'post', '2019-05-09 00:33:29', '2019-05-09 00:33:29');
INSERT INTO "permissions"("id", "name", "type", "created_at", "updated_at") VALUES (2, 'read-post', 'post', '2019-05-09 00:33:29', '2019-05-09 00:33:29');
INSERT INTO "permissions"("id", "name", "type", "created_at", "updated_at") VALUES (3, 'update-post', 'post', '2019-05-09 00:33:29', '2019-05-09 00:33:29');
INSERT INTO "permissions"("id", "name", "type", "created_at", "updated_at") VALUES (4, 'delete-post', 'post', '2019-05-09 00:33:29', '2019-05-09 00:33:29');
INSERT INTO "permissions"("id", "name", "type", "created_at", "updated_at") VALUES (5, 'create-account', 'account', '2019-05-09 00:33:29', '2019-05-09 00:33:29');
INSERT INTO "permissions"("id", "name", "type", "created_at", "updated_at") VALUES (6, 'read-account', 'account', '2019-05-09 00:33:29', '2019-05-09 00:33:29');
INSERT INTO "permissions"("id", "name", "type", "created_at", "updated_at") VALUES (7, 'update-account', 'account', '2019-05-09 00:33:29', '2019-05-09 00:33:29');
INSERT INTO "permissions"("id", "name", "type", "created_at", "updated_at") VALUES (8, 'delete-account', 'account', '2019-05-09 00:33:29', '2019-05-09 00:33:29');
INSERT INTO "admin_roles"("admin_id", "role_id") VALUES (1, 1);
INSERT INTO "admin_roles"("admin_id", "role_id") VALUES (1, 2);
INSERT INTO "admin_roles"("admin_id", "role_id") VALUES (1, 3);
INSERT INTO "admin_roles"("admin_id", "role_id") VALUES (2, 2);
INSERT INTO "admin_roles"("admin_id", "role_id") VALUES (3, 1);
INSERT INTO "admin_roles"("admin_id", "role_id") VALUES (3, 3);
INSERT INTO "admin_roles"("admin_id", "role_id") VALUES (6, 1);
INSERT INTO "admin_roles"("admin_id", "role_id") VALUES (6, 3);
INSERT INTO "admin_roles"("admin_id", "role_id") VALUES (10, 1);
INSERT INTO "admin_roles"("admin_id", "role_id") VALUES (10, 3);
INSERT INTO "admin_roles"("admin_id", "role_id") VALUES (11, 1);
INSERT INTO "admin_roles"("admin_id", "role_id") VALUES (12, 1);
INSERT INTO "admin_roles"("admin_id", "role_id") VALUES (12, 2);
INSERT INTO "admin_roles"("admin_id", "role_id") VALUES (13, 3);
INSERT INTO "admin_roles"("admin_id", "role_id") VALUES (15, 1);
INSERT INTO "admin_roles"("admin_id", "role_id") VALUES (15, 2);
INSERT INTO "admin_roles"("admin_id", "role_id") VALUES (15, 3);
INSERT INTO "admin_roles"("admin_id", "role_id") VALUES (16, 2);
INSERT INTO "admin_roles"("admin_id", "role_id") VALUES (16, 3);
INSERT INTO "admin_roles"("admin_id", "role_id") VALUES (17, 2);
INSERT INTO "admin_roles"("admin_id", "role_id") VALUES (18, 3);
INSERT INTO "admin_roles"("admin_id", "role_id") VALUES (19, 1);
INSERT INTO "admin_roles"("admin_id", "role_id") VALUES (19, 2);
INSERT INTO "admin_roles"("admin_id", "role_id") VALUES (19, 3);
INSERT INTO "admin_roles"("admin_id", "role_id") VALUES (21, 1);
INSERT INTO "admin_roles"("admin_id", "role_id") VALUES (21, 2);
INSERT INTO "role_permissions"("role_id", "permission_id") VALUES (1, 1);
INSERT INTO "role_permissions"("role_id", "permission_id") VALUES (1, 2);
INSERT INTO "role_permissions"("role_id", "permission_id") VALUES (1, 3);
INSERT INTO "role_permissions"("role_id", "permission_id") VALUES (1, 4);
INSERT INTO "role_permissions"("role_id", "permission_id") VALUES (1, 5);
INSERT INTO "role_permissions"("role_id", "permission_id") VALUES (1, 6);
INSERT INTO "role_permissions"("role_id", "permission_id") VALUES (1, 7);
INSERT INTO "role_permissions"("role_id", "permission_id") VALUES (1, 8);
INSERT INTO "role_permissions"("role_id", "permission_id") VALUES (2, 1);
INSERT INTO "role_permissions"("role_id", "permission_id") VALUES (2, 2);
INSERT INTO "role_permissions"("role_id", "permission_id") VALUES (2, 3);
INSERT INTO "role_permissions"("role_id", "permission_id") VALUES (2, 4);
INSERT INTO "role_permissions"("role_id", "permission_id") VALUES (3, 5);
INSERT INTO "role_permissions"("role_id", "permission_id") VALUES (3, 6);
INSERT INTO "role_permissions"("role_id", "permission_id") VALUES (3, 7);
INSERT INTO "role_permissions"("role_id", "permission_id") VALUES (3, 8);

INSERT INTO "conveniences"("id", "name", "type", "created_at", "updated_at") VALUES (1, 'Điều hòa', 'interior', '2019-05-09 00:33:28', '2019-05-09 00:33:28');
INSERT INTO "conveniences"("id", "name", "type", "created_at", "updated_at") VALUES (2, 'TV', 'interior', '2019-05-09 00:33:28', '2019-05-09 00:33:28');
INSERT INTO "conveniences"("id", "name", "type", "created_at", "updated_at") VALUES (3, 'Tạ', 'interior', '2019-05-09 00:33:28', '2019-05-09 00:33:28');
INSERT INTO "conveniences"("id", "name", "type", "created_at", "updated_at") VALUES (4, 'Ghế Sofa', 'interior', '2019-05-09 00:33:28', '2019-05-09 00:33:28');
INSERT INTO "conveniences"("id", "name", "type", "created_at", "updated_at") VALUES (5, 'Tủ lạnh', 'interior', '2019-05-09 00:33:28', '2019-05-14 18:24:43');
INSERT INTO "conveniences"("id", "name", "type", "created_at", "updated_at") VALUES (6, 'Vườn hoa', 'exterior', '2019-05-09 00:33:28', '2019-05-09 00:33:28');
INSERT INTO "conveniences"("id", "name", "type", "created_at", "updated_at") VALUES (7, 'Máy phát điện', 'exterior', '2019-05-09 00:33:28', '2019-05-09 00:33:28');
INSERT INTO "conveniences"("id", "name", "type", "created_at", "updated_at") VALUES (8, 'Internet/wifi', 'exterior', '2019-05-09 00:33:29', '2019-05-09 00:33:29');
INSERT INTO "conveniences"("id", "name", "type", "created_at", "updated_at") VALUES (9, 'Võng', 'exterior', '2019-05-09 00:33:29', '2019-05-14 19:35:02');
INSERT INTO "conveniences"("id", "name", "type", "created_at", "updated_at") VALUES (10, 'Bể bơi', 'exterior', '2019-05-14 19:35:27', '2019-05-14 19:35:44');

INSERT INTO "distances"("id", "name", "slug", "created_at", "updated_at") VALUES (1, 'Trạm xe buýt', 'tram-xe-buyt', '2019-05-09 00:33:28', '2019-05-09 00:33:28');
INSERT INTO "distances"("id", "name", "slug", "created_at", "updated_at") VALUES (2, 'Ga xe lửa', 'ga-xe-lua', '2019-05-09 00:33:28', '2019-05-09 00:33:28');
INSERT INTO "distances"("id", "name", "slug", "created_at", "updated_at") VALUES (3, 'Trường học', 'truong-hoc', '2019-05-09 00:33:28', '2019-05-09 00:33:28');
INSERT INTO "distances"("id", "name", "slug", "created_at", "updated_at") VALUES (4, 'Sân bay', 'san-bay', '2019-05-09 00:33:28', '2019-05-09 00:33:28');
INSERT INTO "distances"("id", "name", "slug", "created_at", "updated_at") VALUES (5, 'Siêu thị', 'sieu-thi', '2019-05-09 00:33:28', '2019-05-09 00:33:28');
INSERT INTO "distances"("id", "name", "slug", "created_at", "updated_at") VALUES (6, 'Bãi biển', 'bai-bien', '2019-05-09 00:33:28', '2019-05-09 00:33:28');
INSERT INTO "distances"("id", "name", "slug", "created_at", "updated_at") VALUES (7, 'Ngân hàng', 'ngan-hang', '2019-05-09 00:33:28', '2019-05-09 00:33:28');

INSERT INTO "post_types"("id", "name", "slug", "price", "description", "created_at", "updated_at") VALUES (1, 'Tin thường', 'tin-thuong', 5000, 'Là loại tin đăng bằng chữ màu đen, khung màu trắng, không băng rôn', '2019-05-09 00:33:28', '2019-05-09 00:33:28');
INSERT INTO "post_types"("id", "name", "slug", "price", "description", "created_at", "updated_at") VALUES (2, 'Tin cao cấp', 'tin-cao-cap', 20000, 'Là loại tin đăng bằng chữ màu xanh, khung màu trắng, có 1 băng rôn', '2019-05-09 00:33:28', '2019-05-09 00:33:28');
INSERT INTO "post_types"("id", "name", "slug", "price", "description", "created_at", "updated_at") VALUES (3, 'Tin Vip', 'tin-vip', 50000, 'Là loại tin đăng bằng chữ màu đỏ, khung màu vàng, có 2 băng rôn', '2019-05-09 00:33:28', '2019-05-09 00:33:28');

INSERT INTO "property_types"("id", "name", "slug", "created_at", "updated_at") VALUES (1, 'Biệt thự', 'biet-thu', '2019-05-09 00:33:28', '2019-05-09 00:33:28');
INSERT INTO "property_types"("id", "name", "slug", "created_at", "updated_at") VALUES (2, 'Căn hộ', 'can-ho', '2019-05-09 00:33:28', '2019-05-09 00:33:28');
INSERT INTO "property_types"("id", "name", "slug", "created_at", "updated_at") VALUES (3, 'Nhà ở', 'nha-o', '2019-05-09 00:33:28', '2019-05-09 00:33:28');
INSERT INTO "property_types"("id", "name", "slug", "created_at", "updated_at") VALUES (4, 'Văn phòng', 'van-phong', '2019-05-09 00:33:28', '2019-05-09 00:33:28');
INSERT INTO "property_types"("id", "name", "slug", "created_at", "updated_at") VALUES (5, 'Nhà trọ', 'nha-tro', '2019-05-09 00:33:28', '2019-05-09 00:33:28');

INSERT INTO "users"("id", "name", "email", "phone", "address", "email_verified_at", "password", "remember_token", "created_at", "updated_at") VALUES (1, 'Thi Thuần Trung', 'mi61@example.org', '097 471 5555', '4536 Phố Cung Dinh Triết, Xã 1, Huyện Hàng Diệu Vũ\nHồ Chí Minh', '2019-05-09 00:33:32', '$2y$10$TKh8H1.PfQx37YgCzwiKb.KjNyWgaHb9cbcoQgdIVFlYg7B77UdFm', 'fJ3s8ffFst', '2019-05-09 00:33:32', '2019-05-09 00:33:32');
INSERT INTO "users"("id", "name", "email", "phone", "address", "email_verified_at", "password", "remember_token", "created_at", "updated_at") VALUES (2, 'La Bích Thời', 'khiem.cu@example.net', '(84)(56)134-3882', '481 Phố Cấn Hạ Dân, Phường Nương Nguyên, Huyện Độ Giang\nQuảng Ninh', '2019-05-09 00:33:32', '$2y$10$TKh8H1.PfQx37YgCzwiKb.KjNyWgaHb9cbcoQgdIVFlYg7B77UdFm', 'lquEMAufpO', '2019-05-09 00:33:32', '2019-05-09 00:33:32');
INSERT INTO "users"("id", "name", "email", "phone", "address", "email_verified_at", "password", "remember_token", "created_at", "updated_at") VALUES (3, 'Ma Bá Huấn', 'hien.giao@example.net', '(84)(22)842-4822', '82, Ấp Tống Nguyên, Phường 65, Huyện 26\nYên Bái', '2019-05-09 00:33:32', '$2y$10$TKh8H1.PfQx37YgCzwiKb.KjNyWgaHb9cbcoQgdIVFlYg7B77UdFm', '2isee32GQK', '2019-05-09 00:33:32', '2019-05-09 00:33:32');
INSERT INTO "users"("id", "name", "email", "phone", "address", "email_verified_at", "password", "remember_token", "created_at", "updated_at") VALUES (4, 'Chiêm Hoài Tuyến', 'tien.dam@example.org', '(0241) 854 2981', '050 Phố Giáp Như Mẫn, Thôn Cự Thu, Quận Giao Văn\nCần Thơ', '2019-05-09 00:33:32', '$2y$10$TKh8H1.PfQx37YgCzwiKb.KjNyWgaHb9cbcoQgdIVFlYg7B77UdFm', 'niapYWhYxD', '2019-05-09 00:33:32', '2019-05-09 00:33:32');
INSERT INTO "users"("id", "name", "email", "phone", "address", "email_verified_at", "password", "remember_token", "created_at", "updated_at") VALUES (5, 'Cụ. Danh Chi Tuệ', 'van.uong@example.org', '0219-368-4172', '5567 Phố Thạch Tâm Trưởng, Phường 5, Huyện Lan Toàn\nHồ Chí Minh', '2019-05-09 00:33:32', '$2y$10$TKh8H1.PfQx37YgCzwiKb.KjNyWgaHb9cbcoQgdIVFlYg7B77UdFm', 'bVzfGpyZxp', '2019-05-09 00:33:32', '2019-05-09 00:33:32');
INSERT INTO "users"("id", "name", "email", "phone", "address", "email_verified_at", "password", "remember_token", "created_at", "updated_at") VALUES (6, 'Cô. Chu Phước', 'uc@example.net', '033 089 5244', '0538 Phố Nông Từ Khiêm, Phường Giả, Quận Tâm Giang\nHưng Yên', '2019-05-09 00:33:32', '$2y$10$TKh8H1.PfQx37YgCzwiKb.KjNyWgaHb9cbcoQgdIVFlYg7B77UdFm', 'xCXQtagDn4', '2019-05-09 00:33:32', '2019-05-09 00:33:32');
INSERT INTO "users"("id", "name", "email", "phone", "address", "email_verified_at", "password", "remember_token", "created_at", "updated_at") VALUES (7, 'Kha Hiệp', 'hieu51@example.com', '(84)(128)639-8258', '78, Thôn 96, Phường Du Dương, Quận 79\nHưng Yên', '2019-05-09 00:33:32', '$2y$10$TKh8H1.PfQx37YgCzwiKb.KjNyWgaHb9cbcoQgdIVFlYg7B77UdFm', 'crskhr2igz', '2019-05-09 00:33:32', '2019-05-09 00:33:32');
INSERT INTO "users"("id", "name", "email", "phone", "address", "email_verified_at", "password", "remember_token", "created_at", "updated_at") VALUES (8, 'Ông. Triệu Kiệt', 'khai.giang@example.org', '068-352-8222', '2377, Ấp Đan Việt Tài, Xã Kha Hoan Ẩn, Quận Phụng Phùng\nThái Bình', '2019-05-09 00:33:32', '$2y$10$TKh8H1.PfQx37YgCzwiKb.KjNyWgaHb9cbcoQgdIVFlYg7B77UdFm', 'QHkvr6D4ID', '2019-05-09 00:33:32', '2019-05-09 00:33:32');
INSERT INTO "users"("id", "name", "email", "phone", "address", "email_verified_at", "password", "remember_token", "created_at", "updated_at") VALUES (9, 'Em. Cung Minh', 'llu@example.com', '+84-99-029-4110', '35 Phố Ân, Thôn Doãn Giác, Quận Danh Khương\nCần Thơ', '2019-05-09 00:33:32', '$2y$10$TKh8H1.PfQx37YgCzwiKb.KjNyWgaHb9cbcoQgdIVFlYg7B77UdFm', 'XacdhK5dR3', '2019-05-09 00:33:32', '2019-05-09 00:33:32');
INSERT INTO "users"("id", "name", "email", "phone", "address", "email_verified_at", "password", "remember_token", "created_at", "updated_at") VALUES (10, 'Ông. Giang Hoàn Nghiệp', 'mhoa@example.org', '+84-511-070-7531', '0, Ấp Toàn, Xã Điệp Định, Quận 96\nHà Tĩnh', '2019-05-09 00:33:32', '$2y$10$TKh8H1.PfQx37YgCzwiKb.KjNyWgaHb9cbcoQgdIVFlYg7B77UdFm', 'CxwwuXUuvQ', '2019-05-09 00:33:32', '2019-05-09 00:33:32');
INSERT INTO "users"("id", "name", "email", "phone", "address", "email_verified_at", "password", "remember_token", "created_at", "updated_at") VALUES (11, 'Chị. Đậu Liễu Hiệp', 'ftrang@example.com', '062-804-2347', '5 Phố Vũ Ân Luận, Xã 43, Huyện 7\nHải Phòng', '2019-05-09 00:33:32', '$2y$10$TKh8H1.PfQx37YgCzwiKb.KjNyWgaHb9cbcoQgdIVFlYg7B77UdFm', 'Pkd4NZSYH2', '2019-05-09 00:33:32', '2019-05-09 00:33:32');
INSERT INTO "users"("id", "name", "email", "phone", "address", "email_verified_at", "password", "remember_token", "created_at", "updated_at") VALUES (12, 'Bác. Lã Loan Uyên', 'bao.kim@example.org', '027 366 8468', '0292 Phố Triết, Thôn Tào Lộc, Quận Liên Lều\nĐồng Tháp', '2019-05-09 00:33:32', '$2y$10$TKh8H1.PfQx37YgCzwiKb.KjNyWgaHb9cbcoQgdIVFlYg7B77UdFm', 'EkkFcEWn1X', '2019-05-09 00:33:32', '2019-05-09 00:33:32');
INSERT INTO "users"("id", "name", "email", "phone", "address", "email_verified_at", "password", "remember_token", "created_at", "updated_at") VALUES (13, 'Mộc Tài', 'ma.co@example.org', '(0351) 593 8023', '08 Phố Chung, Phường 6, Quận Trà Lỳ\nĐà Nẵng', '2019-05-09 00:33:32', '$2y$10$TKh8H1.PfQx37YgCzwiKb.KjNyWgaHb9cbcoQgdIVFlYg7B77UdFm', 'boI7YUs2FY', '2019-05-09 00:33:32', '2019-05-09 00:33:32');
INSERT INTO "users"("id", "name", "email", "phone", "address", "email_verified_at", "password", "remember_token", "created_at", "updated_at") VALUES (14, 'Cụ. Kim Nương', 'ngo.dan@example.org', '099 805 6830', '49 Phố Đường Khôi Duy, Xã Tiếp, Quận Biện\nHà Nội', '2019-05-09 00:33:32', '$2y$10$TKh8H1.PfQx37YgCzwiKb.KjNyWgaHb9cbcoQgdIVFlYg7B77UdFm', 'A0O7qLAb0q', '2019-05-09 00:33:32', '2019-05-09 00:33:32');
INSERT INTO "users"("id", "name", "email", "phone", "address", "email_verified_at", "password", "remember_token", "created_at", "updated_at") VALUES (15, 'Võ Trung', 'phan.truc@example.net', '(0241) 487 4964', '2 Phố Toàn, Phường Thiên, Quận Nông Lý\nCần Thơ', '2019-05-09 00:33:32', '$2y$10$TKh8H1.PfQx37YgCzwiKb.KjNyWgaHb9cbcoQgdIVFlYg7B77UdFm', 'kGLEBnfySf', '2019-05-09 00:33:32', '2019-05-09 00:33:32');
INSERT INTO "users"("id", "name", "email", "phone", "address", "email_verified_at", "password", "remember_token", "created_at", "updated_at") VALUES (16, 'Ung Bá Phong', 'khuyen.ngo@example.org', '(057)084-0087', '0452 Phố Đổng Trang Khánh, Xã 5, Huyện Trường Dao\nHà Nội', '2019-05-09 00:33:32', '$2y$10$TKh8H1.PfQx37YgCzwiKb.KjNyWgaHb9cbcoQgdIVFlYg7B77UdFm', 'jQbe6Wjfvy', '2019-05-09 00:33:32', '2019-05-09 00:33:32');
INSERT INTO "users"("id", "name", "email", "phone", "address", "email_verified_at", "password", "remember_token", "created_at", "updated_at") VALUES (17, 'Chị. Trà Ái', 'khuyen68@example.com', '84-163-707-8885', '62, Ấp Tiếp Triệu, Xã Trầm, Quận Huệ Vĩ\nQuảng Bình', '2019-05-09 00:33:32', '$2y$10$TKh8H1.PfQx37YgCzwiKb.KjNyWgaHb9cbcoQgdIVFlYg7B77UdFm', '90RGkk70ff', '2019-05-09 00:33:32', '2019-05-09 00:33:32');
INSERT INTO "users"("id", "name", "email", "phone", "address", "email_verified_at", "password", "remember_token", "created_at", "updated_at") VALUES (18, 'Thi Hào', 'xdien@example.org', '0125 272 6699', '77 Phố Trình Cương Lĩnh, Xã Nhiệm Chiêu Hiếu, Quận Hương\nBến Tre', '2019-05-09 00:33:32', '$2y$10$TKh8H1.PfQx37YgCzwiKb.KjNyWgaHb9cbcoQgdIVFlYg7B77UdFm', '95Z9mKeaB1', '2019-05-09 00:33:32', '2019-05-09 00:33:32');
INSERT INTO "users"("id", "name", "email", "phone", "address", "email_verified_at", "password", "remember_token", "created_at", "updated_at") VALUES (19, 'Cô. Ung Hoa Hoàn', 'mla@example.net', '(0218)537-5638', '2 Phố Võ Du Tuyến, Phường Quyền, Huyện Nhậm\nCần Thơ', '2019-05-09 00:33:32', '$2y$10$TKh8H1.PfQx37YgCzwiKb.KjNyWgaHb9cbcoQgdIVFlYg7B77UdFm', 'oeXZ3LcRTk', '2019-05-09 00:33:32', '2019-05-09 00:33:32');
INSERT INTO "users"("id", "name", "email", "phone", "address", "email_verified_at", "password", "remember_token", "created_at", "updated_at") VALUES (20, 'Bành Quế', 'tiep56@example.org', '+84-231-605-1998', '4104, Ấp Võ Phương Huynh, Phường Ninh Nam Liên, Quận Cẩn Toại\nThái Bình', '2019-05-09 00:33:32', '$2y$10$TKh8H1.PfQx37YgCzwiKb.KjNyWgaHb9cbcoQgdIVFlYg7B77UdFm', 'OgqjedRhXy', '2019-05-09 00:33:32', '2019-05-09 00:33:32');
INSERT INTO "users"("id", "name", "email", "phone", "address", "email_verified_at", "password", "remember_token", "created_at", "updated_at") VALUES (21, 'Tú Bùi', 'buithanhtu2297@gmail.com', '123123', 'Đà Nẵng', NULL, '$2y$10$/.hJmgo5kmDZ5xS.0C76seRIX1zexZf98xw4Xd8ZOqVzYxs629m/W', NULL, '2019-05-09 10:44:25', '2019-05-09 23:47:21');
INSERT INTO "users"("id", "name", "email", "phone", "address", "email_verified_at", "password", "remember_token", "created_at", "updated_at") VALUES (22, 'Tai Doan', 'doanchitaidn@gmail.com', '123123123', 'Đà Nẵng', NULL, '$2y$10$xRyk.zySYtvyL4/97pIIYOxNBglXRRUw069vbklDpjdnJODECZOpW', 'A4X9LllCzcdkRmXSdbuMdBXtwHcDUE32mC13GrZQV3lS83x7gEjHhcif1fH0', '2019-05-13 12:07:32', '2019-05-13 12:07:32');

INSERT INTO "posts"("id", "title", "slug", "image", "purpose", "address", "latitude", "longitude", "description", "area", "price", "unit", "negotiable", "status", "views", "property_type_id", "district_id", "user_id", "type_id", "start_date", "end_date", "created_at", "updated_at") VALUES (1, 'Bài viết bất động sản tại quận ba đình', 'bai-viet-bat-dong-san-tai-quan-ba-dinh', 'call-to-action.jpg', 'rent', 'Tổ 5, Thị Trấn Chùa Hang, Huyện Đồng Hỷ, Tỉnh Thái Nguyên, Hoá Thượng, Đồng Hỷ, Thái Nguyên', 21.626974, 105.850535, '<p><strong>Th&ocirc;ng tin dự &aacute;n:</strong></p>\r\n\r\n<ul>\r\n	<li>Vị tr&iacute;: Huyện Đồng Hỷ / Th&aacute;i Nguy&ecirc;n</li>\r\n	<li>Quy m&ocirc; dự &aacute;n Bán Nh&agrave; trọ tại Huyện Đồng Hỷ / Th&aacute;i Nguy&ecirc;n 0: 90 m2.\\r\\n\\t</li>\r\n	<li>Chủ đầu tư v&agrave; ph&acirc;n phối: Thi Thuần Trung</li>\r\n	<li>Hạ tầng: Ho&agrave;n thiện 100%, đường nội bộ 9 - 15m, điện &acirc;m, nước m&aacute;y, nước thủy cục, hệ thống nước mưa - nước thải ri&ecirc;ng biệt, hệ thống viễn th&ocirc;ng đầy đủ...\\r\\n\\t</li>\r\n	<li>Tiện &iacute;ch nội khu: Trường mầm non, c&ocirc;ng vi&ecirc;n, khu thương mại, dịch vụ v&agrave; hồ cảnh quan..&nbsp;</li>\r\n</ul>', 1231231, 123123123, 'month', 0, 'published', 3, 1, 2, 1, 1, '2019-05-09', '2019-05-22', '2019-05-09 00:33:33', '2019-05-14 23:57:58');
INSERT INTO "posts"("id", "title", "slug", "image", "purpose", "address", "latitude", "longitude", "description", "area", "price", "unit", "negotiable", "status", "views", "property_type_id", "district_id", "user_id", "type_id", "start_date", "end_date", "created_at", "updated_at") VALUES (2, 'Cho thuê Văn phòng tại Huyện Đức Phổ / Quảng Ngãi', 'cho-thue-van-phong-tai-huyen-duc-pho-quang-ngai', 'call-to-action.jpg', 'rent', 'Phổ Cường, Đức Phổ District, Quang Ngai, Vietnam', 14.712724, 109.002864, '<p><strong>Th&ocirc;ng tin dự &aacute;n:</strong></p>\r\n\r\n<ul>\r\n	<li>Vị tr&iacute;: Huyện Đức Phổ / Quảng Ng&atilde;i.</li>\r\n	<li>Quy m&ocirc; dự &aacute;n Cho thu&ecirc; Văn phòng tại Huyện Đức Phổ / Quảng Ng&atilde;i 1: 86 m2.</li>\r\n	<li>Chủ đầu tư v&agrave; ph&acirc;n phối: Thi Thuần Trung.</li>\r\n	<li>Hạ tầng: Ho&agrave;n thiện 100%, đường nội bộ 9 - 15m, điện &acirc;m, nước m&aacute;y, nước thủy cục, hệ thống nước mưa - nước thải ri&ecirc;ng biệt, hệ thống viễn th&ocirc;ng đầy đủ...</li>\r\n	<li>Tiện &iacute;ch nội khu: Trường mầm non, c&ocirc;ng vi&ecirc;n, khu thương mại, dịch vụ v&agrave; hồ cảnh quan...</li>\r\n</ul>', 86, 840561725, 'month', 0, 'pending', 0, 4, 394, 1, 1, '2019-05-08', '2019-05-28', '2019-05-09 00:33:33', '2019-05-13 23:07:06');
INSERT INTO "posts"("id", "title", "slug", "image", "purpose", "address", "latitude", "longitude", "description", "area", "price", "unit", "negotiable", "status", "views", "property_type_id", "district_id", "user_id", "type_id", "start_date", "end_date", "created_at", "updated_at") VALUES (3, 'Cho thuê Nhà ở tại Huyện An Lão / Bình Định', 'cho-thue-nha-o-tai-huyen-an-lao-binh-dinh', 'themeqx-cover.jpeg', 'rent', 'An Toàn, An Lão District, Binh Dinh Province, Vietnam', 14.598184, 108.694209, '<p><strong>Th&ocirc;ng tin dự &aacute;n:</strong></p>\r\n\r\n<ul>\r\n	<li>Vị tr&iacute;: Huyện An L&atilde;o / B&igrave;nh Định.</li>\r\n	<li>Quy m&ocirc; dự &aacute;n Cho thu&ecirc; Nh&agrave; ở tại Huyện An L&atilde;o / B&igrave;nh Định 2: 34 m2.</li>\r\n	<li>Chủ đầu tư v&agrave; ph&acirc;n phối: Thi Thuần Trung.</li>\r\n	<li>Hạ tầng: Ho&agrave;n thiện 100%, đường nội bộ 9 - 15m, điện &acirc;m, nước m&aacute;y, nước thủy cục, hệ thống nước mưa - nước thải ri&ecirc;ng biệt, hệ thống viễn th&ocirc;ng đầy đủ...</li>\r\n	<li>Tiện &iacute;ch nội khu: Trường mầm non, c&ocirc;ng vi&ecirc;n, khu thương mại, dịch vụ v&agrave; hồ cảnh quan...</li>\r\n</ul>', 34, 450228009, 'year', 1, 'pending', 0, 3, 398, 1, 2, '2019-05-08', '2019-05-17', '2019-05-09 00:33:33', '2019-05-13 14:45:26');
INSERT INTO "posts"("id", "title", "slug", "image", "purpose", "address", "latitude", "longitude", "description", "area", "price", "unit", "negotiable", "status", "views", "property_type_id", "district_id", "user_id", "type_id", "start_date", "end_date", "created_at", "updated_at") VALUES (4, 'Bán Biệt thự tại Huyện Hiệp Hòa / Bắc Giang', 'ban-biet-thu-tai-huyen-hiep-hoa-bac-giang', 'themeqx-cover.jpeg', 'sale', 'Thôn, Trong Làng, Hiệp Hòa, Bắc Giang, Vietnam', 21.334310, 105.957261, '<p><strong>Th&ocirc;ng tin dự &aacute;n:</strong></p>\r\n\r\n<ul>\r\n	<li>Vị tr&iacute;: Huyện Hiệp H&ograve;a / Bắc Giang.</li>\r\n	<li>Quy m&ocirc; dự &aacute;n Bán Bi&ecirc;̣t thự tại Huyện Hiệp H&ograve;a / Bắc Giang 3: 15 m2.</li>\r\n	<li>Chủ đầu tư v&agrave; ph&acirc;n phối: La B&iacute;ch Thời.</li>\r\n	<li>Hạ tầng: Ho&agrave;n thiện 100%, đường nội bộ 9 - 15m, điện &acirc;m, nước m&aacute;y, nước thủy cục, hệ thống nước mưa - nước thải ri&ecirc;ng biệt, hệ thống viễn th&ocirc;ng đầy đủ...</li>\r\n	<li>Tiện &iacute;ch nội khu: Trường mầm non, c&ocirc;ng vi&ecirc;n, khu thương mại, dịch vụ v&agrave; hồ cảnh quan...</li>\r\n</ul>', 15, 993612716, 'total_area', 0, 'published', 1, 1, 219, 2, 1, '2019-05-04', '2019-06-05', '2019-05-09 00:33:34', '2019-05-14 23:58:17');
INSERT INTO "posts"("id", "title", "slug", "image", "purpose", "address", "latitude", "longitude", "description", "area", "price", "unit", "negotiable", "status", "views", "property_type_id", "district_id", "user_id", "type_id", "start_date", "end_date", "created_at", "updated_at") VALUES (5, 'Cho thuê Văn phòng tại Huyện Yên Sơn / Tuyên Quang', 'cho-thue-van-phong-tai-huyen-yen-son-tuyen-quang', 'themeqx-cover.jpeg', 'rent', 'Unnamed Road, Lang Quán, Yên Sơn, Tuyên Quang, Vietnam', 21.851522, 105.144030, '<p><strong>Th&ocirc;ng tin dự &aacute;n:</strong></p>\r\n\r\n<ul>\r\n	<li>Vị tr&iacute;: Huyện Y&ecirc;n Sơn / Tuy&ecirc;n Quang.</li>\r\n	<li>Quy m&ocirc; dự &aacute;n Cho thu&ecirc; Văn phòng tại Huyện Y&ecirc;n Sơn / Tuy&ecirc;n Quang 4: 2 m2.</li>\r\n	<li>Chủ đầu tư v&agrave; ph&acirc;n phối: La B&iacute;ch Thời.</li>\r\n	<li>Hạ tầng: Ho&agrave;n thiện 100%, đường nội bộ 9 - 15m, điện &acirc;m, nước m&aacute;y, nước thủy cục, hệ thống nước mưa - nước thải ri&ecirc;ng biệt, hệ thống viễn th&ocirc;ng đầy đủ...</li>\r\n	<li>Tiện &iacute;ch nội khu: Trường mầm non, c&ocirc;ng vi&ecirc;n, khu thương mại, dịch vụ v&agrave; hồ cảnh quan...</li>\r\n</ul>', 2, 334025103, 'year', 0, 'published', 0, 4, 179, 2, 3, '2019-05-09', '2019-05-27', '2019-05-09 00:33:34', '2019-05-13 14:48:10');
INSERT INTO "posts"("id", "title", "slug", "image", "purpose", "address", "latitude", "longitude", "description", "area", "price", "unit", "negotiable", "status", "views", "property_type_id", "district_id", "user_id", "type_id", "start_date", "end_date", "created_at", "updated_at") VALUES (6, 'Cho thuê Căn hộ tại Thị xã Bà Rịa / Bà Rịa - Vũng Tầu', 'cho-thue-can-ho-tai-thi-xa-ba-ria-ba-ria-vung-tau', 'call-to-action.jpg', 'rent', 'Nguyễn Hữu Cảnh, Tân Hưng, Tân Thành, Bà Rịa - Vũng Tàu, Vietnam', 10.516945, 107.168033, '<p><strong>Th&ocirc;ng tin dự &aacute;n:</strong></p>\r\n\r\n<ul>\r\n	<li>Vị tr&iacute;: Thị x&atilde; B&agrave; Rịa / B&agrave; Rịa - Vũng Tầu.</li>\r\n	<li>Quy m&ocirc; dự &aacute;n Cho thu&ecirc; Căn hộ tại Thị x&atilde; B&agrave; Rịa / B&agrave; Rịa - Vũng Tầu 5: 54 m2.</li>\r\n	<li>Chủ đầu tư v&agrave; ph&acirc;n phối: Ma B&aacute; Huấn.</li>\r\n	<li>Hạ tầng: Ho&agrave;n thiện 100%, đường nội bộ 9 - 15m, điện &acirc;m, nước m&aacute;y, nước thủy cục, hệ thống nước mưa - nước thải ri&ecirc;ng biệt, hệ thống viễn th&ocirc;ng đầy đủ...</li>\r\n	<li>Tiện &iacute;ch nội khu: Trường mầm non, c&ocirc;ng vi&ecirc;n, khu thương mại, dịch vụ v&agrave; hồ cảnh quan...</li>\r\n</ul>', 54, 343659104, 'year', 0, 'published', 0, 2, 548, 3, 1, '2019-05-07', '2019-06-04', '2019-05-09 00:33:35', '2019-05-13 14:55:06');
INSERT INTO "posts"("id", "title", "slug", "image", "purpose", "address", "latitude", "longitude", "description", "area", "price", "unit", "negotiable", "status", "views", "property_type_id", "district_id", "user_id", "type_id", "start_date", "end_date", "created_at", "updated_at") VALUES (7, 'Bán Nhà trọ tại Huyện Đức Phổ / Quảng Ngãi', 'ban-nha-tro-tai-huyen-duc-pho-quang-ngai', 'call-to-action.jpg', 'sale', 'Nguyễn Tất Thành, Phổ Cường, Đức Phổ, Quảng Ngãi, Việt Nam', 14.774945, 108.983495, '<p><strong>Th&ocirc;ng tin dự &aacute;n:</strong></p>\r\n\r\n<ul>\r\n	<li>Vị tr&iacute;: Huyện Đức Phổ / Quảng Ng&atilde;i.</li>\r\n	<li>Quy m&ocirc; dự &aacute;n Bán Nh&agrave; trọ tại Huyện Đức Phổ / Quảng Ng&atilde;i 6: 12 m2.</li>\r\n	<li>Chủ đầu tư v&agrave; ph&acirc;n phối: Ma B&aacute; Huấn.</li>\r\n	<li>Hạ tầng: Ho&agrave;n thiện 100%, đường nội bộ 9 - 15m, điện &acirc;m, nước m&aacute;y, nước thủy cục, hệ thống nước mưa - nước thải ri&ecirc;ng biệt, hệ thống viễn th&ocirc;ng đầy đủ...</li>\r\n	<li>Tiện &iacute;ch nội khu: Trường mầm non, c&ocirc;ng vi&ecirc;n, khu thương mại, dịch vụ v&agrave; hồ cảnh quan...</li>\r\n</ul>', 12, 59989645, 'total_area', 1, 'pending', 0, 5, 394, 3, 3, '2019-05-05', '2019-05-27', '2019-05-09 00:33:35', '2019-05-14 19:25:05');
INSERT INTO "posts"("id", "title", "slug", "image", "purpose", "address", "latitude", "longitude", "description", "area", "price", "unit", "negotiable", "status", "views", "property_type_id", "district_id", "user_id", "type_id", "start_date", "end_date", "created_at", "updated_at") VALUES (8, 'Bán Nhà ở tại Huyện Mai Sơn / Sơn La', 'ban-nha-o-tai-huyen-mai-son-son-la', 'themeqx-cover.jpeg', 'sale', 'QL4G, Mai Sơn, Sơn La, Vietnam', 21.120040, 104.002529, '<p><strong>Th&ocirc;ng tin dự &aacute;n:</strong></p>\r\n\r\n<ul>\r\n	<li>Vị tr&iacute;: Huyện Mai Sơn / Sơn La.</li>\r\n	<li>Quy m&ocirc; dự &aacute;n Bán Nh&agrave; ở tại Huyện Mai Sơn / Sơn La 7: 40 m2.</li>\r\n	<li>Chủ đầu tư v&agrave; ph&acirc;n phối: Ma B&aacute; Huấn.</li>\r\n	<li>Hạ tầng: Ho&agrave;n thiện 100%, đường nội bộ 9 - 15m, điện &acirc;m, nước m&aacute;y, nước thủy cục, hệ thống nước mưa - nước thải ri&ecirc;ng biệt, hệ thống viễn th&ocirc;ng đầy đủ...</li>\r\n	<li>Tiện &iacute;ch nội khu: Trường mầm non, c&ocirc;ng vi&ecirc;n, khu thương mại, dịch vụ v&agrave; hồ cảnh quan...</li>\r\n</ul>', 40, 520631038, 'm2', 1, 'published', 1, 3, 257, 3, 1, '2019-05-08', '2019-06-01', '2019-05-09 00:33:35', '2019-05-14 23:58:02');
INSERT INTO "posts"("id", "title", "slug", "image", "purpose", "address", "latitude", "longitude", "description", "area", "price", "unit", "negotiable", "status", "views", "property_type_id", "district_id", "user_id", "type_id", "start_date", "end_date", "created_at", "updated_at") VALUES (9, 'Bán Nhà ở tại Huyện Côn Đảo / Bà Rịa - Vũng Tầu', 'ban-nha-o-tai-huyen-con-dao-ba-ria-vung-tau', 'call-to-action.jpg', 'sale', '10, Đường Nguyễn Văn Linh, Huyện Côn Đảo, Tỉnh Bà Rịa Vũng Tàu, Côn Đảo, Bà Rịa - Vũng Tàu, Việt Nam', 8.691317, 106.610413, '<p><strong>Th&ocirc;ng tin dự &aacute;n:</strong></p>\r\n\r\n<ul>\r\n	<li>Vị tr&iacute;: Huyện C&ocirc;n Đảo / B&agrave; Rịa - Vũng Tầu.</li>\r\n	<li>Quy m&ocirc; dự &aacute;n Bán Nh&agrave; ở tại Huyện C&ocirc;n Đảo / B&agrave; Rịa - Vũng Tầu 8: 64 m2.</li>\r\n	<li>Chủ đầu tư v&agrave; ph&acirc;n phối: Chi&ecirc;m Ho&agrave;i Tuyến.</li>\r\n	<li>Hạ tầng: Ho&agrave;n thiện 100%, đường nội bộ 9 - 15m, điện &acirc;m, nước m&aacute;y, nước thủy cục, hệ thống nước mưa - nước thải ri&ecirc;ng biệt, hệ thống viễn th&ocirc;ng đầy đủ...</li>\r\n	<li>Tiện &iacute;ch nội khu: Trường mầm non, c&ocirc;ng vi&ecirc;n, khu thương mại, dịch vụ v&agrave; hồ cảnh quan...</li>\r\n</ul>', 64, 103932857, 'm2', 1, 'published', 1, 3, 553, 4, 3, '2019-05-05', '2019-06-08', '2019-05-09 00:33:36', '2019-05-14 23:58:04');
INSERT INTO "posts"("id", "title", "slug", "image", "purpose", "address", "latitude", "longitude", "description", "area", "price", "unit", "negotiable", "status", "views", "property_type_id", "district_id", "user_id", "type_id", "start_date", "end_date", "created_at", "updated_at") VALUES (10, 'Bán Nhà trọ tại Huyện Ea Súp / Đắk Lắk', 'ban-nha-tro-tai-huyen-ea-sup-dak-lak', 'themeqx-cover.jpeg', 'sale', 'QL26, Ea Tih, Ea Kar, Đắk Lắk, Việt Nam', 12.805096, 108.555694, '<p><strong>Th&ocirc;ng tin dự &aacute;n:</strong></p>\r\n\r\n<ul>\r\n	<li>Vị tr&iacute;: Huyện Ea S&uacute;p / Đắk Lắk.</li>\r\n	<li>Quy m&ocirc; dự &aacute;n Bán Nh&agrave; trọ tại Huyện Ea S&uacute;p / Đắk Lắk 9: 17 m2.</li>\r\n	<li>Chủ đầu tư v&agrave; ph&acirc;n phối: Chi&ecirc;m Ho&agrave;i Tuyến.</li>\r\n	<li>Hạ tầng: Ho&agrave;n thiện 100%, đường nội bộ 9 - 15m, điện &acirc;m, nước m&aacute;y, nước thủy cục, hệ thống nước mưa - nước thải ri&ecirc;ng biệt, hệ thống viễn th&ocirc;ng đầy đủ...</li>\r\n	<li>Tiện &iacute;ch nội khu: Trường mầm non, c&ocirc;ng vi&ecirc;n, khu thương mại, dịch vụ v&agrave; hồ cảnh quan...</li>\r\n</ul>', 17, 132779627, 'total_area', 0, 'pending', 0, 5, 449, 4, 1, '2019-05-04', '2019-05-25', '2019-05-09 00:33:36', '2019-05-14 19:26:01');
INSERT INTO "posts"("id", "title", "slug", "image", "purpose", "address", "latitude", "longitude", "description", "area", "price", "unit", "negotiable", "status", "views", "property_type_id", "district_id", "user_id", "type_id", "start_date", "end_date", "created_at", "updated_at") VALUES (11, 'Cho thuê Biệt thự tại Huyện Diên Khánh / Khánh Hòa', 'cho-thue-biet-thu-tai-huyen-dien-khanh-khanh-hoa', 'call-to-action.jpg', 'rent', 'Thôn Quang Thạnh, Xã Diên Hòa, Huyện Diên Khánh, Tỉnh Khánh Hòa, Diên Hoà, Diên Khánh, Khánh Hòa, Việt Nam', 12.250194, 109.047563, '<p><strong>Th&ocirc;ng tin dự &aacute;n:</strong></p>\r\n\r\n<ul>\r\n	<li>Vị tr&iacute;: Huyện Di&ecirc;n Kh&aacute;nh / Kh&aacute;nh H&ograve;a.</li>\r\n	<li>Quy m&ocirc; dự &aacute;n Cho thu&ecirc; Bi&ecirc;̣t thự tại Huyện Di&ecirc;n Kh&aacute;nh / Kh&aacute;nh H&ograve;a 10: 45 m2.</li>\r\n	<li>Chủ đầu tư v&agrave; ph&acirc;n phối: Chi&ecirc;m Ho&agrave;i Tuyến.</li>\r\n	<li>Hạ tầng: Ho&agrave;n thiện 100%, đường nội bộ 9 - 15m, điện &acirc;m, nước m&aacute;y, nước thủy cục, hệ thống nước mưa - nước thải ri&ecirc;ng biệt, hệ thống viễn th&ocirc;ng đầy đủ...</li>\r\n	<li>Tiện &iacute;ch nội khu: Trường mầm non, c&ocirc;ng vi&ecirc;n, khu thương mại, dịch vụ v&agrave; hồ cảnh quan...</li>\r\n</ul>', 45, 667902885, 'month', 1, 'published', 0, 1, 420, 4, 3, '2019-05-08', '2019-05-29', '2019-05-09 00:33:36', '2019-05-14 19:26:29');
INSERT INTO "posts"("id", "title", "slug", "image", "purpose", "address", "latitude", "longitude", "description", "area", "price", "unit", "negotiable", "status", "views", "property_type_id", "district_id", "user_id", "type_id", "start_date", "end_date", "created_at", "updated_at") VALUES (12, 'Cho thuê Biệt thự tại Huyện Cầu Ngang / Trà Vinh', 'cho-thue-biet-thu-tai-huyen-cau-ngang-tra-vinh', 'call-to-action.jpg', 'rent', 'Unnamed Road, Mỹ Hoà, Cầu Ngang, Trà Vinh, Việt Nam', 9.801243, 106.440881, '<p><strong>Th&ocirc;ng tin dự &aacute;n:</strong></p>\r\n\r\n<ul>\r\n	<li>Vị tr&iacute;: Huyện Cầu Ngang / Tr&agrave; Vinh.</li>\r\n	<li>Quy m&ocirc; dự &aacute;n Cho thu&ecirc; Bi&ecirc;̣t thự tại Huyện Cầu Ngang / Tr&agrave; Vinh 11: 35 m2.</li>\r\n	<li>Chủ đầu tư v&agrave; ph&acirc;n phối: Chi&ecirc;m Ho&agrave;i Tuyến.</li>\r\n	<li>Hạ tầng: Ho&agrave;n thiện 100%, đường nội bộ 9 - 15m, điện &acirc;m, nước m&aacute;y, nước thủy cục, hệ thống nước mưa - nước thải ri&ecirc;ng biệt, hệ thống viễn th&ocirc;ng đầy đủ...</li>\r\n	<li>Tiện &iacute;ch nội khu: Trường mầm non, c&ocirc;ng vi&ecirc;n, khu thương mại, dịch vụ v&agrave; hồ cảnh quan...</li>\r\n</ul>', 35, 413802557, 'month', 1, 'published', 0, 1, 649, 4, 2, '2019-05-09', '2019-05-27', '2019-05-09 00:33:36', '2019-05-14 19:27:30');
INSERT INTO "posts"("id", "title", "slug", "image", "purpose", "address", "latitude", "longitude", "description", "area", "price", "unit", "negotiable", "status", "views", "property_type_id", "district_id", "user_id", "type_id", "start_date", "end_date", "created_at", "updated_at") VALUES (13, 'Cho thuê Văn phòng tại Huyện Trần Văn Thời / Cà Mau', 'cho-thue-van-phong-tai-huyen-tran-van-thoi-ca-mau', 'call-to-action.jpg', 'rent', '29 Trần Văn Thời, Phường 5, Thành phố Cà Mau, Cà Mau, Việt Nam', 9.177042, 105.159175, '<p><strong>Th&ocirc;ng tin dự &aacute;n:</strong></p>\r\n\r\n<ul>\r\n	<li>Vị tr&iacute;: Huyện Trần Văn Thời / C&agrave; Mau.</li>\r\n	<li>Quy m&ocirc; dự &aacute;n Cho thu&ecirc; Văn phòng tại Huyện Trần Văn Thời / C&agrave; Mau 12: 16 m2.</li>\r\n	<li>Chủ đầu tư v&agrave; ph&acirc;n phối: Chi&ecirc;m Ho&agrave;i Tuyến.</li>\r\n	<li>Hạ tầng: Ho&agrave;n thiện 100%, đường nội bộ 9 - 15m, điện &acirc;m, nước m&aacute;y, nước thủy cục, hệ thống nước mưa - nước thải ri&ecirc;ng biệt, hệ thống viễn th&ocirc;ng đầy đủ...</li>\r\n	<li>Tiện &iacute;ch nội khu: Trường mầm non, c&ocirc;ng vi&ecirc;n, khu thương mại, dịch vụ v&agrave; hồ cảnh quan...</li>\r\n</ul>', 16, 968030184, 'month', 1, 'pending', 0, 4, 669, 4, 2, '2019-05-02', '2019-05-22', '2019-05-09 00:33:36', '2019-05-14 19:28:12');
INSERT INTO "posts"("id", "title", "slug", "image", "purpose", "address", "latitude", "longitude", "description", "area", "price", "unit", "negotiable", "status", "views", "property_type_id", "district_id", "user_id", "type_id", "start_date", "end_date", "created_at", "updated_at") VALUES (14, 'Cho thuê Nhà ở tại Huyện Tháp Mười / Đồng Tháp', 'cho-thue-nha-o-tai-huyen-thap-muoi-dong-thap', 'themeqx-cover.jpeg', 'rent', 'Bảy Thước, Cao Lãnh, Đồng Tháp, Việt Nam', 10.531576, 105.761636, '<p><strong>Th&ocirc;ng tin dự &aacute;n:</strong></p>\r\n\r\n<ul>\r\n	<li>Vị tr&iacute;: Huyện Th&aacute;p Mười / Đồng Th&aacute;p.</li>\r\n	<li>Quy m&ocirc; dự &aacute;n Cho thu&ecirc; Nh&agrave; ở tại Huyện Th&aacute;p Mười / Đồng Th&aacute;p 13: 76 m2.</li>\r\n	<li>Chủ đầu tư v&agrave; ph&acirc;n phối: Cụ. Danh Chi Tuệ.</li>\r\n	<li>Hạ tầng: Ho&agrave;n thiện 100%, đường nội bộ 9 - 15m, điện &acirc;m, nước m&aacute;y, nước thủy cục, hệ thống nước mưa - nước thải ri&ecirc;ng biệt, hệ thống viễn th&ocirc;ng đầy đủ...</li>\r\n	<li>Tiện &iacute;ch nội khu: Trường mầm non, c&ocirc;ng vi&ecirc;n, khu thương mại, dịch vụ v&agrave; hồ cảnh quan...</li>\r\n</ul>', 76, 563149553, 'year', 0, 'pending', 0, 3, 576, 5, 1, '2019-05-06', '2019-05-18', '2019-05-09 00:33:37', '2019-05-14 19:29:14');
INSERT INTO "posts"("id", "title", "slug", "image", "purpose", "address", "latitude", "longitude", "description", "area", "price", "unit", "negotiable", "status", "views", "property_type_id", "district_id", "user_id", "type_id", "start_date", "end_date", "created_at", "updated_at") VALUES (15, 'Bán Biệt thự tại Huyện Điện Biên / Lai Châu', 'ban-biet-thu-tai-huyen-dien-bien-lai-chau', 'call-to-action.jpg', 'sale', '191 ĐC 4, Sông Đà, TX. Mường Lay, Điện Biên, Việt Nam', 22.072304, 103.156037, '<p><strong>Th&ocirc;ng tin dự &aacute;n:</strong></p>\r\n\r\n<ul>\r\n	<li>Vị tr&iacute;: Huyện Điện Bi&ecirc;n / Lai Ch&acirc;u.</li>\r\n	<li>Quy m&ocirc; dự &aacute;n Bán Bi&ecirc;̣t thự tại Huyện Điện Bi&ecirc;n / Lai Ch&acirc;u 14: 62 m2.</li>\r\n	<li>Chủ đầu tư v&agrave; ph&acirc;n phối: Cụ. Danh Chi Tuệ.</li>\r\n	<li>Hạ tầng: Ho&agrave;n thiện 100%, đường nội bộ 9 - 15m, điện &acirc;m, nước m&aacute;y, nước thủy cục, hệ thống nước mưa - nước thải ri&ecirc;ng biệt, hệ thống viễn th&ocirc;ng đầy đủ...</li>\r\n	<li>Tiện &iacute;ch nội khu: Trường mầm non, c&ocirc;ng vi&ecirc;n, khu thương mại, dịch vụ v&agrave; hồ cảnh quan...</li>\r\n</ul>', 62, 217623218, 'm2', 0, 'published', 0, 1, 248, 5, 3, '2019-05-06', '2019-05-24', '2019-05-09 00:33:37', '2019-05-14 19:31:01');
INSERT INTO "posts"("id", "title", "slug", "image", "purpose", "address", "latitude", "longitude", "description", "area", "price", "unit", "negotiable", "status", "views", "property_type_id", "district_id", "user_id", "type_id", "start_date", "end_date", "created_at", "updated_at") VALUES (16, 'Bán Căn hộ tại Huyện Lý Nhân / Hà Nam', 'ban-can-ho-tai-huyen-ly-nhan-ha-nam', 'call-to-action.jpg', 'sale', 'QL972, Nhân Nghĩa, Lý Nhân, Hà Nam, Việt Nam', 20.536498, 106.086602, '<p><strong>Th&ocirc;ng tin dự &aacute;n:</strong></p>\r\n\r\n<ul>\r\n	<li>Vị tr&iacute;: Huyện L&yacute; Nh&acirc;n / H&agrave; Nam.</li>\r\n	<li>Quy m&ocirc; dự &aacute;n Bán Căn hộ tại Huyện L&yacute; Nh&acirc;n / H&agrave; Nam 15: 91 m2.</li>\r\n	<li>Chủ đầu tư v&agrave; ph&acirc;n phối: Cụ. Danh Chi Tuệ.</li>\r\n	<li>Hạ tầng: Ho&agrave;n thiện 100%, đường nội bộ 9 - 15m, điện &acirc;m, nước m&aacute;y, nước thủy cục, hệ thống nước mưa - nước thải ri&ecirc;ng biệt, hệ thống viễn th&ocirc;ng đầy đủ...</li>\r\n	<li>Tiện &iacute;ch nội khu: Trường mầm non, c&ocirc;ng vi&ecirc;n, khu thương mại, dịch vụ v&agrave; hồ cảnh quan...</li>\r\n</ul>', 91, 155545477, 'total_area', 1, 'pending', 0, 2, 88, 5, 1, '2019-05-03', '2019-05-16', '2019-05-09 00:33:37', '2019-05-14 19:31:26');
INSERT INTO "posts"("id", "title", "slug", "image", "purpose", "address", "latitude", "longitude", "description", "area", "price", "unit", "negotiable", "status", "views", "property_type_id", "district_id", "user_id", "type_id", "start_date", "end_date", "created_at", "updated_at") VALUES (17, 'Bán Nhà trọ tại Thành phố Hải Dương / Hải Dương', 'ban-nha-tro-tai-thanh-pho-hai-duong-hai-duong', 'themeqx-cover.jpeg', 'sale', 'Thái Hòa, P. Cẩm Thượng, Thành phố Hải Dương, Hải Dương, Việt Nam', 20.942884, 106.309856, '<p><strong>Th&ocirc;ng tin dự &aacute;n:</strong></p>\r\n\r\n<ul>\r\n	<li>Vị tr&iacute;: Nam Sách&nbsp;/ Hải Dương.</li>\r\n	<li>Quy m&ocirc; dự &aacute;n Bán Nh&agrave; trọ tại Th&agrave;nh phố Hải Dương / Hải Dương 16: 74 m2.</li>\r\n	<li>Chủ đầu tư v&agrave; ph&acirc;n phối: Cụ. Danh Chi Tuệ.</li>\r\n	<li>Hạ tầng: Ho&agrave;n thiện 100%, đường nội bộ 9 - 15m, điện &acirc;m, nước m&aacute;y, nước thủy cục, hệ thống nước mưa - nước thải ri&ecirc;ng biệt, hệ thống viễn th&ocirc;ng đầy đủ...</li>\r\n	<li>Tiện &iacute;ch nội khu: Trường mầm non, c&ocirc;ng vi&ecirc;n, khu thương mại, dịch vụ v&agrave; hồ cảnh quan...</li>\r\n</ul>', 74, 65042629, 'total_area', 1, 'pending', 0, 5, 63, 5, 2, '2019-05-05', '2019-05-16', '2019-05-09 00:33:37', '2019-05-14 19:32:29');
INSERT INTO "posts"("id", "title", "slug", "image", "purpose", "address", "latitude", "longitude", "description", "area", "price", "unit", "negotiable", "status", "views", "property_type_id", "district_id", "user_id", "type_id", "start_date", "end_date", "created_at", "updated_at") VALUES (18, 'Bán Văn phòng tại Huyện Mèo Vạc / Hà Giang', 'ban-van-phong-tai-huyen-meo-vac-ha-giang', 'call-to-action.jpg', 'sale', 'Unnamed Road, Pả Vi, Mèo Vạc, Hà Giang, Việt Nam', 23.215699, 105.410890, '<p><strong>Th&ocirc;ng tin dự &aacute;n:</strong></p>\r\n\r\n<ul>\r\n	<li>Vị tr&iacute;: Huyện M&egrave;o Vạc / H&agrave; Giang.</li>\r\n	<li>Quy m&ocirc; dự &aacute;n Bán Văn phòng tại Huyện M&egrave;o Vạc / H&agrave; Giang 17: 63 m2.</li>\r\n	<li>Chủ đầu tư v&agrave; ph&acirc;n phối: Cụ. Danh Chi Tuệ.</li>\r\n	<li>Hạ tầng: Ho&agrave;n thiện 100%, đường nội bộ 9 - 15m, điện &acirc;m, nước m&aacute;y, nước thủy cục, hệ thống nước mưa - nước thải ri&ecirc;ng biệt, hệ thống viễn th&ocirc;ng đầy đủ...</li>\r\n	<li>Tiện &iacute;ch nội khu: Trường mầm non, c&ocirc;ng vi&ecirc;n, khu thương mại, dịch vụ v&agrave; hồ cảnh quan...</li>\r\n</ul>', 63, 148836060, 'total_area', 1, 'published', 0, 4, 123, 5, 1, '2019-05-09', '2019-06-07', '2019-05-09 00:33:37', '2019-05-14 19:33:16');
INSERT INTO "posts"("id", "title", "slug", "image", "purpose", "address", "latitude", "longitude", "description", "area", "price", "unit", "negotiable", "status", "views", "property_type_id", "district_id", "user_id", "type_id", "start_date", "end_date", "created_at", "updated_at") VALUES (19, 'Bán Văn phòng tại Huyện Tam Dương / Vĩnh Phúc', 'ban-van-phong-tai-huyen-tam-duong-vinh-phuc', 'call-to-action.jpg', 'sale', 'Cầu Mương Đào, ĐCT05, An Hoà, Tam Dương, Vĩnh Phúc, Việt Nam', 21.355603, 105.533540, '<p><strong>Th&ocirc;ng tin dự &aacute;n:</strong></p>\r\n\r\n<ul>\r\n	<li>Vị tr&iacute;: Huyện Tam Dương / Vĩnh Ph&uacute;c.</li>\r\n	<li>Quy m&ocirc; dự &aacute;n Bán Văn phòng tại Huyện Tam Dương / Vĩnh Ph&uacute;c 18: 91 m2.</li>\r\n	<li>Chủ đầu tư v&agrave; ph&acirc;n phối: C&ocirc;. Chu Phước.</li>\r\n	<li>Hạ tầng: Ho&agrave;n thiện 100%, đường nội bộ 9 - 15m, điện &acirc;m, nước m&aacute;y, nước thủy cục, hệ thống nước mưa - nước thải ri&ecirc;ng biệt, hệ thống viễn th&ocirc;ng đầy đủ...</li>\r\n	<li>Tiện &iacute;ch nội khu: Trường mầm non, c&ocirc;ng vi&ecirc;n, khu thương mại, dịch vụ v&agrave; hồ cảnh quan...</li>\r\n</ul>', 91, 564046813, 'm2', 0, 'published', 0, 4, 31, 6, 2, '2019-05-05', '2019-06-02', '2019-05-09 00:33:39', '2019-05-14 19:33:42');
INSERT INTO "posts"("id", "title", "slug", "image", "purpose", "address", "latitude", "longitude", "description", "area", "price", "unit", "negotiable", "status", "views", "property_type_id", "district_id", "user_id", "type_id", "start_date", "end_date", "created_at", "updated_at") VALUES (20, 'Cho thuê Biệt thự tại Huyện Phước Sơn / Quảng Nam', 'cho-thue-biet-thu-tai-huyen-phuoc-son-quang-nam', 'call-to-action.jpg', 'rent', 'Phước Chánh, Phước Sơn, Quảng Nam, Việt Nam', 15.379701, 107.791262, '<p><strong>Th&ocirc;ng tin dự &aacute;n:</strong></p>\r\n\r\n<ul>\r\n	<li>Vị tr&iacute;: Huyện Phước Sơn / Quảng Nam.</li>\r\n	<li>Quy m&ocirc; dự &aacute;n Cho thu&ecirc; Bi&ecirc;̣t thự tại Huyện Phước Sơn / Quảng Nam 19: 31 m2.</li>\r\n	<li>Chủ đầu tư v&agrave; ph&acirc;n phối: C&ocirc;. Chu Phước.</li>\r\n	<li>Hạ tầng: Ho&agrave;n thiện 100%, đường nội bộ 9 - 15m, điện &acirc;m, nước m&aacute;y, nước thủy cục, hệ thống nước mưa - nước thải ri&ecirc;ng biệt, hệ thống viễn th&ocirc;ng đầy đủ...</li>\r\n	<li>Tiện &iacute;ch nội khu: Trường mầm non, c&ocirc;ng vi&ecirc;n, khu thương mại, dịch vụ v&agrave; hồ cảnh quan...</li>\r\n</ul>', 31, 726125523, 'year', 0, 'pending', 0, 1, 379, 6, 1, '2019-05-08', '2019-05-29', '2019-05-09 00:33:39', '2019-05-14 19:38:03');
INSERT INTO "posts"("id", "title", "slug", "image", "purpose", "address", "latitude", "longitude", "description", "area", "price", "unit", "negotiable", "status", "views", "property_type_id", "district_id", "user_id", "type_id", "start_date", "end_date", "created_at", "updated_at") VALUES (21, 'Cho thuê Biệt thự tại Huyện Vĩnh Cừu / Đồng Nai', 'cho-thue-biet-thu-tai-huyen-vinh-cuu-dong-nai', 'themeqx-cover.jpeg', 'rent', 'Hiếu Liêm, Vĩnh Cửu, Đồng Nai, Việt Nam', 11.243470, 106.928429, '<p><strong>Th&ocirc;ng tin dự &aacute;n:</strong></p>\r\n\r\n<ul>\r\n	<li>Vị tr&iacute;: Huyện Vĩnh Cừu / Đồng Nai.</li>\r\n	<li>Quy m&ocirc; dự &aacute;n Cho thu&ecirc; Bi&ecirc;̣t thự tại Huyện Vĩnh Cừu / Đồng Nai 20: 48 m2.</li>\r\n	<li>Chủ đầu tư v&agrave; ph&acirc;n phối: C&ocirc;. Chu Phước.</li>\r\n	<li>Hạ tầng: Ho&agrave;n thiện 100%, đường nội bộ 9 - 15m, điện &acirc;m, nước m&aacute;y, nước thủy cục, hệ thống nước mưa - nước thải ri&ecirc;ng biệt, hệ thống viễn th&ocirc;ng đầy đủ...</li>\r\n	<li>Tiện &iacute;ch nội khu: Trường mầm non, c&ocirc;ng vi&ecirc;n, khu thương mại, dịch vụ v&agrave; hồ cảnh quan...</li>\r\n</ul>', 48, 654486342, 'year', 1, 'pending', 0, 1, 530, 6, 3, '2019-05-04', '2019-06-02', '2019-05-09 00:33:39', '2019-05-14 19:38:55');
INSERT INTO "posts"("id", "title", "slug", "image", "purpose", "address", "latitude", "longitude", "description", "area", "price", "unit", "negotiable", "status", "views", "property_type_id", "district_id", "user_id", "type_id", "start_date", "end_date", "created_at", "updated_at") VALUES (22, 'Cho thuê Văn phòng tại Quận 9 / Hồ Chí Minh', 'cho-thue-van-phong-tai-quan-9-ho-chi-minh', 'themeqx-cover.jpeg', 'rent', 'Tăng Nhơn Phú A, Quận 9, Hồ Chí Minh, Việt Nam', 10.841979, 106.803738, '<p><strong>Th&ocirc;ng tin dự &aacute;n:</strong></p>\r\n\r\n<ul>\r\n	<li>Vị tr&iacute;: Quận 9 / Hồ Ch&iacute; Minh.</li>\r\n	<li>Quy m&ocirc; dự &aacute;n Cho thu&ecirc; Văn phòng tại Quận 9 / Hồ Ch&iacute; Minh 21: 0 m2.</li>\r\n	<li>Chủ đầu tư v&agrave; ph&acirc;n phối: Kha Hiệp.</li>\r\n	<li>Hạ tầng: Ho&agrave;n thiện 100%, đường nội bộ 9 - 15m, điện &acirc;m, nước m&aacute;y, nước thủy cục, hệ thống nước mưa - nước thải ri&ecirc;ng biệt, hệ thống viễn th&ocirc;ng đầy đủ...</li>\r\n	<li>Tiện &iacute;ch nội khu: Trường mầm non, c&ocirc;ng vi&ecirc;n, khu thương mại, dịch vụ v&agrave; hồ cảnh quan...</li>\r\n</ul>', 0, 56641087, 'month', 1, 'pending', 0, 4, 474, 7, 1, '2019-05-08', '2019-06-01', '2019-05-09 00:33:40', '2019-05-14 19:40:07');
INSERT INTO "posts"("id", "title", "slug", "image", "purpose", "address", "latitude", "longitude", "description", "area", "price", "unit", "negotiable", "status", "views", "property_type_id", "district_id", "user_id", "type_id", "start_date", "end_date", "created_at", "updated_at") VALUES (23, 'Bán Văn phòng tại Huyện Thạch Hà / Hà Tĩnh', 'ban-van-phong-tai-huyen-thach-ha-ha-tinh', 'call-to-action.jpg', 'sale', 'Thạch Châu, Thạch Hà, Hà Tĩnh, Việt Nam', 18.384068, 105.863377, '<p><strong>Th&ocirc;ng tin dự &aacute;n:</strong></p>\r\n\r\n<ul>\r\n	<li>Vị tr&iacute;: Huyện Thạch H&agrave; / H&agrave; Tĩnh.</li>\r\n	<li>Quy m&ocirc; dự &aacute;n Bán Văn phòng tại Huyện Thạch H&agrave; / H&agrave; Tĩnh 22: 17 m2.</li>\r\n	<li>Chủ đầu tư v&agrave; ph&acirc;n phối: Kha Hiệp.</li>\r\n	<li>Hạ tầng: Ho&agrave;n thiện 100%, đường nội bộ 9 - 15m, điện &acirc;m, nước m&aacute;y, nước thủy cục, hệ thống nước mưa - nước thải ri&ecirc;ng biệt, hệ thống viễn th&ocirc;ng đầy đủ...</li>\r\n	<li>Tiện &iacute;ch nội khu: Trường mầm non, c&ocirc;ng vi&ecirc;n, khu thương mại, dịch vụ v&agrave; hồ cảnh quan...</li>\r\n</ul>', 17, 179519747, 'm2', 0, 'pending', 0, 4, 327, 7, 2, '2019-05-02', '2019-05-25', '2019-05-09 00:33:40', '2019-05-14 19:43:58');
INSERT INTO "posts"("id", "title", "slug", "image", "purpose", "address", "latitude", "longitude", "description", "area", "price", "unit", "negotiable", "status", "views", "property_type_id", "district_id", "user_id", "type_id", "start_date", "end_date", "created_at", "updated_at") VALUES (24, 'Cho thuê Nhà trọ tại Huyện Phú Lộc / Thừa Thiên - Huế', 'cho-thue-nha-tro-tai-huyen-phu-loc-thua-thien-hue', 'themeqx-cover.jpeg', 'rent', 'Khu Vực 6, Thị Trấn Phú Lộc, Huyện Phú Lộc, Tỉnh Thừa Thiên Huế, Phú Lộc, Thừa Thiên Huế, Việt Nam', 16.288089, 107.856507, '<p><strong>Th&ocirc;ng tin dự &aacute;n:</strong></p>\r\n\r\n<ul>\r\n	<li>Vị tr&iacute;: Huyện Ph&uacute; Lộc / Thừa Thi&ecirc;n - Huế.</li>\r\n	<li>Quy m&ocirc; dự &aacute;n Cho thu&ecirc; Nh&agrave; trọ tại Huyện Ph&uacute; Lộc / Thừa Thi&ecirc;n - Huế 23: 46 m2.</li>\r\n	<li>Chủ đầu tư v&agrave; ph&acirc;n phối: Kha Hiệp.</li>\r\n	<li>Hạ tầng: Ho&agrave;n thiện 100%, đường nội bộ 9 - 15m, điện &acirc;m, nước m&aacute;y, nước thủy cục, hệ thống nước mưa - nước thải ri&ecirc;ng biệt, hệ thống viễn th&ocirc;ng đầy đủ...</li>\r\n	<li>Tiện &iacute;ch nội khu: Trường mầm non, c&ocirc;ng vi&ecirc;n, khu thương mại, dịch vụ v&agrave; hồ cảnh quan...</li>\r\n</ul>', 46, 284430667, 'month', 0, 'pending', 0, 5, 356, 7, 2, '2019-05-07', '2019-06-05', '2019-05-09 00:33:40', '2019-05-14 19:44:36');
INSERT INTO "posts"("id", "title", "slug", "image", "purpose", "address", "latitude", "longitude", "description", "area", "price", "unit", "negotiable", "status", "views", "property_type_id", "district_id", "user_id", "type_id", "start_date", "end_date", "created_at", "updated_at") VALUES (25, 'Cho thuê Biệt thự tại Huyện Văn Quan / Lạng Sơn', 'cho-thue-biet-thu-tai-huyen-van-quan-lang-son', 'call-to-action.jpg', 'rent', 'ĐT239, Tân Đoàn, Văn Quan, Lạng Sơn, Việt Nam', 21.815493, 106.600553, '<p><strong>Th&ocirc;ng tin dự &aacute;n:</strong></p>\r\n\r\n<ul>\r\n	<li>Vị tr&iacute;: Huyện Văn Quan / Lạng Sơn.</li>\r\n	<li>Quy m&ocirc; dự &aacute;n Cho thu&ecirc; Bi&ecirc;̣t thự tại Huyện Văn Quan / Lạng Sơn 24: 36 m2.</li>\r\n	<li>Chủ đầu tư v&agrave; ph&acirc;n phối: Kha Hiệp.</li>\r\n	<li>Hạ tầng: Ho&agrave;n thiện 100%, đường nội bộ 9 - 15m, điện &acirc;m, nước m&aacute;y, nước thủy cục, hệ thống nước mưa - nước thải ri&ecirc;ng biệt, hệ thống viễn th&ocirc;ng đầy đủ...</li>\r\n	<li>Tiện &iacute;ch nội khu: Trường mầm non, c&ocirc;ng vi&ecirc;n, khu thương mại, dịch vụ v&agrave; hồ cảnh quan...</li>\r\n</ul>', 36, 239968135, 'month', 1, 'pending', 0, 1, 168, 7, 1, '2019-05-09', '2019-05-17', '2019-05-09 00:33:40', '2019-05-14 19:45:51');
INSERT INTO "posts"("id", "title", "slug", "image", "purpose", "address", "latitude", "longitude", "description", "area", "price", "unit", "negotiable", "status", "views", "property_type_id", "district_id", "user_id", "type_id", "start_date", "end_date", "created_at", "updated_at") VALUES (26, 'Cho thuê Văn phòng tại Huyện Lý Nhân / Hà Nam', 'cho-thue-van-phong-tai-huyen-ly-nhan-ha-nam', 'call-to-action.jpg', 'rent', 'xóm 1,Thượng vỹ, Nhân Chính, Lý Nhân, Hà Nam, Việt Nam', 20.553215, 106.060509, '<p><strong>Th&ocirc;ng tin dự &aacute;n:</strong></p>\r\n\r\n<ul>\r\n	<li>Vị tr&iacute;: Huyện L&yacute; Nh&acirc;n / H&agrave; Nam.</li>\r\n	<li>Quy m&ocirc; dự &aacute;n Cho thu&ecirc; Văn phòng tại Huyện L&yacute; Nh&acirc;n / H&agrave; Nam 25: 59 m2.</li>\r\n	<li>Chủ đầu tư v&agrave; ph&acirc;n phối: Kha Hiệp.</li>\r\n	<li>Hạ tầng: Ho&agrave;n thiện 100%, đường nội bộ 9 - 15m, điện &acirc;m, nước m&aacute;y, nước thủy cục, hệ thống nước mưa - nước thải ri&ecirc;ng biệt, hệ thống viễn th&ocirc;ng đầy đủ...</li>\r\n	<li>Tiện &iacute;ch nội khu: Trường mầm non, c&ocirc;ng vi&ecirc;n, khu thương mại, dịch vụ v&agrave; hồ cảnh quan...</li>\r\n</ul>', 59, 486257121, 'month', 0, 'pending', 0, 4, 88, 7, 1, '2019-05-06', '2019-06-03', '2019-05-09 00:33:40', '2019-05-14 19:46:19');
INSERT INTO "posts"("id", "title", "slug", "image", "purpose", "address", "latitude", "longitude", "description", "area", "price", "unit", "negotiable", "status", "views", "property_type_id", "district_id", "user_id", "type_id", "start_date", "end_date", "created_at", "updated_at") VALUES (27, 'Bán Nhà ở tại Huyện Buôn Đôn / Đắk Lắk', 'ban-nha-o-tai-huyen-buon-don-dak-lak', 'themeqx-cover.jpeg', 'sale', 'Krông Na, Buôn Đôn, Đắk Lắk, Việt Nam', 12.840231, 107.587945, '<p><strong>Th&ocirc;ng tin dự &aacute;n:</strong></p>\r\n\r\n<ul>\r\n	<li>Vị tr&iacute;: Huyện Bu&ocirc;n Đ&ocirc;n / Đắk Lắk.</li>\r\n	<li>Quy m&ocirc; dự &aacute;n Bán Nh&agrave; ở tại Huyện Bu&ocirc;n Đ&ocirc;n / Đắk Lắk 26: 78 m2.</li>\r\n	<li>Chủ đầu tư v&agrave; ph&acirc;n phối: &Ocirc;ng. Triệu Kiệt.</li>\r\n	<li>Hạ tầng: Ho&agrave;n thiện 100%, đường nội bộ 9 - 15m, điện &acirc;m, nước m&aacute;y, nước thủy cục, hệ thống nước mưa - nước thải ri&ecirc;ng biệt, hệ thống viễn th&ocirc;ng đầy đủ...</li>\r\n	<li>Tiện &iacute;ch nội khu: Trường mầm non, c&ocirc;ng vi&ecirc;n, khu thương mại, dịch vụ v&agrave; hồ cảnh quan...</li>\r\n</ul>', 78, 718207860, 'total_area', 1, 'published', 0, 3, 452, 8, 1, '2019-05-07', '2019-05-26', '2019-05-09 00:33:42', '2019-05-14 19:46:52');
INSERT INTO "posts"("id", "title", "slug", "image", "purpose", "address", "latitude", "longitude", "description", "area", "price", "unit", "negotiable", "status", "views", "property_type_id", "district_id", "user_id", "type_id", "start_date", "end_date", "created_at", "updated_at") VALUES (28, 'Bán Căn hộ tại Huyện Đắk Tô / Kon Tum', 'ban-can-ho-tai-huyen-dak-to-kon-tum', 'call-to-action.jpg', 'sale', 'Unnamed Road, Tân Cảnh, Đắk Tô, Kon Tum, Việt Nam', 14.631182, 107.774319, '<p><strong>Th&ocirc;ng tin dự &aacute;n:</strong></p>\r\n\r\n<ul>\r\n	<li>Vị tr&iacute;: Huyện Đắk T&ocirc; / Kon Tum.</li>\r\n	<li>Quy m&ocirc; dự &aacute;n Bán Căn hộ tại Huyện Đắk T&ocirc; / Kon Tum 27: 21 m2.</li>\r\n	<li>Chủ đầu tư v&agrave; ph&acirc;n phối: &Ocirc;ng. Triệu Kiệt.</li>\r\n	<li>Hạ tầng: Ho&agrave;n thiện 100%, đường nội bộ 9 - 15m, điện &acirc;m, nước m&aacute;y, nước thủy cục, hệ thống nước mưa - nước thải ri&ecirc;ng biệt, hệ thống viễn th&ocirc;ng đầy đủ...</li>\r\n	<li>Tiện &iacute;ch nội khu: Trường mầm non, c&ocirc;ng vi&ecirc;n, khu thương mại, dịch vụ v&agrave; hồ cảnh quan...</li>\r\n</ul>', 21, 425573129, 'm2', 1, 'published', 0, 2, 429, 8, 3, '2019-05-02', '2019-05-16', '2019-05-09 00:33:42', '2019-05-14 19:48:26');
INSERT INTO "posts"("id", "title", "slug", "image", "purpose", "address", "latitude", "longitude", "description", "area", "price", "unit", "negotiable", "status", "views", "property_type_id", "district_id", "user_id", "type_id", "start_date", "end_date", "created_at", "updated_at") VALUES (29, 'Bán Nhà ở tại Thị xã Tam Điệp / Ninh Bình', 'ban-nha-o-tai-thi-xa-tam-diep-ninh-binh', 'themeqx-cover.jpeg', 'sale', '38 Trương Công Định, Bắc Sơn, Tam Điệp, Ninh Bình, Việt Nam', 20.157905, 105.918899, '<p><strong>Th&ocirc;ng tin dự &aacute;n:</strong></p>\r\n\r\n<ul>\r\n	<li>Vị tr&iacute;: Thị x&atilde; Tam Điệp / Ninh B&igrave;nh.</li>\r\n	<li>Quy m&ocirc; dự &aacute;n Bán Nh&agrave; ở tại Thị x&atilde; Tam Điệp / Ninh B&igrave;nh 28: 32 m2.</li>\r\n	<li>Chủ đầu tư v&agrave; ph&acirc;n phối: Em. Cung Minh.</li>\r\n	<li>Hạ tầng: Ho&agrave;n thiện 100%, đường nội bộ 9 - 15m, điện &acirc;m, nước m&aacute;y, nước thủy cục, hệ thống nước mưa - nước thải ri&ecirc;ng biệt, hệ thống viễn th&ocirc;ng đầy đủ...</li>\r\n	<li>Tiện &iacute;ch nội khu: Trường mầm non, c&ocirc;ng vi&ecirc;n, khu thương mại, dịch vụ v&agrave; hồ cảnh quan...</li>\r\n</ul>', 32, 823641761, 'm2', 1, 'pending', 0, 3, 113, 9, 2, '2019-05-09', '2019-05-18', '2019-05-09 00:33:43', '2019-05-14 19:49:04');
INSERT INTO "posts"("id", "title", "slug", "image", "purpose", "address", "latitude", "longitude", "description", "area", "price", "unit", "negotiable", "status", "views", "property_type_id", "district_id", "user_id", "type_id", "start_date", "end_date", "created_at", "updated_at") VALUES (30, 'Bán Căn hộ tại Huyện Thanh Thuỷ / Phú Thọ', 'ban-can-ho-tai-huyen-thanh-thuy-phu-tho', 'call-to-action.jpg', 'sale', 'ĐT317, Trung Nghĩa, Thanh Thủy, Phú Thọ, Việt Nam', 21.085030, 105.301252, '<p><strong>Th&ocirc;ng tin dự &aacute;n:</strong></p>\r\n\r\n<ul>\r\n	<li>Vị tr&iacute;: Huyện Thanh Thuỷ / Ph&uacute; Thọ.</li>\r\n	<li>Quy m&ocirc; dự &aacute;n Bán Căn hộ tại Huyện Thanh Thuỷ / Ph&uacute; Thọ 29: 73 m2.</li>\r\n	<li>Chủ đầu tư v&agrave; ph&acirc;n phối: &Ocirc;ng. Giang Ho&agrave;n Nghiệp.</li>\r\n	<li>Hạ tầng: Ho&agrave;n thiện 100%, đường nội bộ 9 - 15m, điện &acirc;m, nước m&aacute;y, nước thủy cục, hệ thống nước mưa - nước thải ri&ecirc;ng biệt, hệ thống viễn th&ocirc;ng đầy đủ...</li>\r\n	<li>Tiện &iacute;ch nội khu: Trường mầm non, c&ocirc;ng vi&ecirc;n, khu thương mại, dịch vụ v&agrave; hồ cảnh quan...</li>\r\n</ul>', 73, 102683594, 'm2', 1, 'pending', 0, 2, 212, 10, 3, '2019-05-07', '2019-05-31', '2019-05-09 00:33:43', '2019-05-14 19:50:44');
INSERT INTO "posts"("id", "title", "slug", "image", "purpose", "address", "latitude", "longitude", "description", "area", "price", "unit", "negotiable", "status", "views", "property_type_id", "district_id", "user_id", "type_id", "start_date", "end_date", "created_at", "updated_at") VALUES (31, 'Cho thuê Căn hộ tại Huyện Giằng / Quảng Nam', 'cho-thue-can-ho-tai-huyen-giang-quang-nam', 'themeqx-cover.jpeg', 'rent', 'Quế Xuân 2, Quế Sơn, Quảng Nam, Việt Nam', 15.754788, 108.287816, '<p><strong>Th&ocirc;ng tin dự &aacute;n:</strong></p>\r\n\r\n<ul>\r\n	<li>Vị tr&iacute;: Huyện Giằng / Quảng Nam.</li>\r\n	<li>Quy m&ocirc; dự &aacute;n Cho thu&ecirc; Căn hộ tại Huyện Giằng / Quảng Nam 30: 72 m2.</li>\r\n	<li>Chủ đầu tư v&agrave; ph&acirc;n phối: &Ocirc;ng. Giang Ho&agrave;n Nghiệp.</li>\r\n	<li>Hạ tầng: Ho&agrave;n thiện 100%, đường nội bộ 9 - 15m, điện &acirc;m, nước m&aacute;y, nước thủy cục, hệ thống nước mưa - nước thải ri&ecirc;ng biệt, hệ thống viễn th&ocirc;ng đầy đủ...</li>\r\n	<li>Tiện &iacute;ch nội khu: Trường mầm non, c&ocirc;ng vi&ecirc;n, khu thương mại, dịch vụ v&agrave; hồ cảnh quan...</li>\r\n</ul>', 72, 239555106, 'year', 1, 'pending', 0, 2, 376, 10, 2, '2019-05-04', '2019-05-24', '2019-05-09 00:33:43', '2019-05-14 19:52:55');
INSERT INTO "posts"("id", "title", "slug", "image", "purpose", "address", "latitude", "longitude", "description", "area", "price", "unit", "negotiable", "status", "views", "property_type_id", "district_id", "user_id", "type_id", "start_date", "end_date", "created_at", "updated_at") VALUES (32, 'Cho thuê Biệt thự tại Huyện Đại Lộc / Quảng Nam', 'cho-thue-biet-thu-tai-huyen-dai-loc-quang-nam', 'themeqx-cover.jpeg', 'rent', 'Khu II, Thị trấn Ái Nghĩa, Huyện Đại Lộc, Tỉnh Quảng Nam, Đaị Hồng, Đại Lộc, Quảng Nam, Việt Nam', 15.829735, 107.971916, '<p><strong>Th&ocirc;ng tin dự &aacute;n:</strong></p>\r\n\r\n<ul>\r\n	<li>Vị tr&iacute;: Huyện Đại Lộc / Quảng Nam.</li>\r\n	<li>Quy m&ocirc; dự &aacute;n Cho thu&ecirc; Bi&ecirc;̣t thự tại Huyện Đại Lộc / Quảng Nam 31: 87 m2.</li>\r\n	<li>Chủ đầu tư v&agrave; ph&acirc;n phối: &Ocirc;ng. Giang Ho&agrave;n Nghiệp.</li>\r\n	<li>Hạ tầng: Ho&agrave;n thiện 100%, đường nội bộ 9 - 15m, điện &acirc;m, nước m&aacute;y, nước thủy cục, hệ thống nước mưa - nước thải ri&ecirc;ng biệt, hệ thống viễn th&ocirc;ng đầy đủ...</li>\r\n	<li>Tiện &iacute;ch nội khu: Trường mầm non, c&ocirc;ng vi&ecirc;n, khu thương mại, dịch vụ v&agrave; hồ cảnh quan...</li>\r\n</ul>', 87, 205255430, 'year', 0, 'published', 0, 1, 371, 10, 1, '2019-05-09', '2019-05-21', '2019-05-09 00:33:43', '2019-05-14 20:15:16');
INSERT INTO "posts"("id", "title", "slug", "image", "purpose", "address", "latitude", "longitude", "description", "area", "price", "unit", "negotiable", "status", "views", "property_type_id", "district_id", "user_id", "type_id", "start_date", "end_date", "created_at", "updated_at") VALUES (33, 'Bán Nhà trọ tại Thị xã Hòa Bình / Hòa Bình', 'ban-nha-tro-tai-thi-xa-hoa-binh-hoa-binh', 'themeqx-cover.jpeg', 'sale', 'Đường đê, Thị Lang, Hòa Bình, Việt Nam', 20.835542, 105.353357, '<p><strong>Th&ocirc;ng tin dự &aacute;n:</strong></p>\r\n\r\n<ul>\r\n	<li>Vị tr&iacute;: Thị x&atilde; H&ograve;a B&igrave;nh / H&ograve;a B&igrave;nh.</li>\r\n	<li>Quy m&ocirc; dự &aacute;n Bán Nh&agrave; trọ tại Thị x&atilde; H&ograve;a B&igrave;nh / H&ograve;a B&igrave;nh 32: 23 m2.</li>\r\n	<li>Chủ đầu tư v&agrave; ph&acirc;n phối: &Ocirc;ng. Giang Ho&agrave;n Nghiệp.</li>\r\n	<li>Hạ tầng: Ho&agrave;n thiện 100%, đường nội bộ 9 - 15m, điện &acirc;m, nước m&aacute;y, nước thủy cục, hệ thống nước mưa - nước thải ri&ecirc;ng biệt, hệ thống viễn th&ocirc;ng đầy đủ...</li>\r\n	<li>Tiện &iacute;ch nội khu: Trường mầm non, c&ocirc;ng vi&ecirc;n, khu thương mại, dịch vụ v&agrave; hồ cảnh quan...</li>\r\n</ul>', 23, 533146430, 'total_area', 0, 'published', 0, 5, 262, 10, 1, '2019-05-08', '2019-06-04', '2019-05-09 00:33:43', '2019-05-14 20:16:08');
INSERT INTO "posts"("id", "title", "slug", "image", "purpose", "address", "latitude", "longitude", "description", "area", "price", "unit", "negotiable", "status", "views", "property_type_id", "district_id", "user_id", "type_id", "start_date", "end_date", "created_at", "updated_at") VALUES (34, 'Bán Nhà trọ tại Huyện Như Xuân / Thanh Hóa', 'ban-nha-tro-tai-huyen-nhu-xuan-thanh-hoa', 'themeqx-cover.jpeg', 'sale', 'Thanh Lâm, Như Xuân, Thanh Hoá, Việt Nam', 19.647176, 105.351652, '<p><strong>Th&ocirc;ng tin dự &aacute;n:</strong></p>\r\n\r\n<ul>\r\n	<li>Vị tr&iacute;: Huyện Như Xu&acirc;n / Thanh H&oacute;a.</li>\r\n	<li>Quy m&ocirc; dự &aacute;n Bán Nh&agrave; trọ tại Huyện Như Xu&acirc;n / Thanh H&oacute;a 33: 54 m2.</li>\r\n	<li>Chủ đầu tư v&agrave; ph&acirc;n phối: Chị. Đậu Liễu Hiệp.</li>\r\n	<li>Hạ tầng: Ho&agrave;n thiện 100%, đường nội bộ 9 - 15m, điện &acirc;m, nước m&aacute;y, nước thủy cục, hệ thống nước mưa - nước thải ri&ecirc;ng biệt, hệ thống viễn th&ocirc;ng đầy đủ...</li>\r\n	<li>Tiện &iacute;ch nội khu: Trường mầm non, c&ocirc;ng vi&ecirc;n, khu thương mại, dịch vụ v&agrave; hồ cảnh quan...</li>\r\n</ul>', 54, 47017346, 'm2', 1, 'published', 1, 5, 285, 11, 3, '2019-05-06', '2019-06-04', '2019-05-09 00:33:44', '2019-05-14 20:16:36');
INSERT INTO "posts"("id", "title", "slug", "image", "purpose", "address", "latitude", "longitude", "description", "area", "price", "unit", "negotiable", "status", "views", "property_type_id", "district_id", "user_id", "type_id", "start_date", "end_date", "created_at", "updated_at") VALUES (35, 'Bán Biệt thự tại Quận 9 / Hồ Chí Minh', 'ban-biet-thu-tai-quan-9-ho-chi-minh', 'call-to-action.jpg', 'sale', '178/4 Nguyễn Văn Tăng, Long Thạnh Mỹ, Quận 9, Hồ Chí Minh, Việt Nam', 10.841979, 106.811978, '<p><strong>Th&ocirc;ng tin dự &aacute;n:</strong></p>\r\n\r\n<ul>\r\n	<li>Vị tr&iacute;: Quận 9 / Hồ Ch&iacute; Minh.</li>\r\n	<li>Quy m&ocirc; dự &aacute;n Bán Bi&ecirc;̣t thự tại Quận 9 / Hồ Ch&iacute; Minh 34: 78 m2.</li>\r\n	<li>Chủ đầu tư v&agrave; ph&acirc;n phối: Chị. Đậu Liễu Hiệp.</li>\r\n	<li>Hạ tầng: Ho&agrave;n thiện 100%, đường nội bộ 9 - 15m, điện &acirc;m, nước m&aacute;y, nước thủy cục, hệ thống nước mưa - nước thải ri&ecirc;ng biệt, hệ thống viễn th&ocirc;ng đầy đủ...</li>\r\n	<li>Tiện &iacute;ch nội khu: Trường mầm non, c&ocirc;ng vi&ecirc;n, khu thương mại, dịch vụ v&agrave; hồ cảnh quan...</li>\r\n</ul>', 78, 825193498, 'm2', 1, 'published', 1, 1, 474, 11, 3, '2019-05-05', '2019-05-28', '2019-05-09 00:33:44', '2019-05-14 20:17:05');
INSERT INTO "posts"("id", "title", "slug", "image", "purpose", "address", "latitude", "longitude", "description", "area", "price", "unit", "negotiable", "status", "views", "property_type_id", "district_id", "user_id", "type_id", "start_date", "end_date", "created_at", "updated_at") VALUES (36, 'Bán Nhà ở tại Huyện Tân Phước / Tiền Giang', 'ban-nha-o-tai-huyen-tan-phuoc-tien-giang', 'themeqx-cover.jpeg', 'sale', 'ĐT867, Mỹ Phước, Tân Phước, Tiền Giang, Việt Nam', 10.497027, 106.197075, '<p><strong>Th&ocirc;ng tin dự &aacute;n:</strong></p>\r\n\r\n<ul>\r\n	<li>Vị tr&iacute;: Huyện T&acirc;n Phước / Tiền Giang.</li>\r\n	<li>Quy m&ocirc; dự &aacute;n Bán Nh&agrave; ở tại Huyện T&acirc;n Phước / Tiền Giang 35: 39 m2.</li>\r\n	<li>Chủ đầu tư v&agrave; ph&acirc;n phối: Chị. Đậu Liễu Hiệp.</li>\r\n	<li>Hạ tầng: Ho&agrave;n thiện 100%, đường nội bộ 9 - 15m, điện &acirc;m, nước m&aacute;y, nước thủy cục, hệ thống nước mưa - nước thải ri&ecirc;ng biệt, hệ thống viễn th&ocirc;ng đầy đủ...</li>\r\n	<li>Tiện &iacute;ch nội khu: Trường mầm non, c&ocirc;ng vi&ecirc;n, khu thương mại, dịch vụ v&agrave; hồ cảnh quan...</li>\r\n</ul>', 39, 989847080, 'total_area', 0, 'published', 0, 3, 596, 11, 1, '2019-05-04', '2019-05-18', '2019-05-09 00:33:44', '2019-05-14 20:17:35');
INSERT INTO "posts"("id", "title", "slug", "image", "purpose", "address", "latitude", "longitude", "description", "area", "price", "unit", "negotiable", "status", "views", "property_type_id", "district_id", "user_id", "type_id", "start_date", "end_date", "created_at", "updated_at") VALUES (37, 'Cho thuê Biệt thự tại Huyện Tân Kỳ / Nghệ An', 'cho-thue-biet-thu-tai-huyen-tan-ky-nghe-an', 'themeqx-cover.jpeg', 'rent', 'Nghĩa Hoàn, Tân Kỳ, Nghệ An, Việt Nam', 19.126119, 105.298410, '<p><strong>Th&ocirc;ng tin dự &aacute;n:</strong></p>\r\n\r\n<ul>\r\n	<li>Vị tr&iacute;: Huyện T&acirc;n Kỳ / Nghệ An.</li>\r\n	<li>Quy m&ocirc; dự &aacute;n Cho thu&ecirc; Bi&ecirc;̣t thự tại Huyện T&acirc;n Kỳ / Nghệ An 36: 69 m2.</li>\r\n	<li>Chủ đầu tư v&agrave; ph&acirc;n phối: Chị. Đậu Liễu Hiệp.</li>\r\n	<li>Hạ tầng: Ho&agrave;n thiện 100%, đường nội bộ 9 - 15m, điện &acirc;m, nước m&aacute;y, nước thủy cục, hệ thống nước mưa - nước thải ri&ecirc;ng biệt, hệ thống viễn th&ocirc;ng đầy đủ...</li>\r\n	<li>Tiện &iacute;ch nội khu: Trường mầm non, c&ocirc;ng vi&ecirc;n, khu thương mại, dịch vụ v&agrave; hồ cảnh quan...</li>\r\n</ul>', 69, 548490565, 'month', 0, 'pending', 0, 1, 310, 11, 1, '2019-05-04', '2019-05-25', '2019-05-09 00:33:44', '2019-05-14 20:18:23');
INSERT INTO "posts"("id", "title", "slug", "image", "purpose", "address", "latitude", "longitude", "description", "area", "price", "unit", "negotiable", "status", "views", "property_type_id", "district_id", "user_id", "type_id", "start_date", "end_date", "created_at", "updated_at") VALUES (38, 'Bán Văn phòng tại Huyện Hoài Nhơn / Bình Định', 'ban-van-phong-tai-huyen-hoai-nhon-binh-dinh', 'themeqx-cover.jpeg', 'sale', '34 Trần Quang Diệu, TT. Tam Quan, Hoài Nhơn, Bình Định, Việt Nam', 14.550987, 109.038398, '<p><strong>Th&ocirc;ng tin dự &aacute;n:</strong></p>\r\n\r\n<ul>\r\n	<li>Vị tr&iacute;: Huyện Ho&agrave;i Nhơn / B&igrave;nh Định.</li>\r\n	<li>Quy m&ocirc; dự &aacute;n Bán Văn phòng tại Huyện Ho&agrave;i Nhơn / B&igrave;nh Định 37: 17 m2.</li>\r\n	<li>Chủ đầu tư v&agrave; ph&acirc;n phối: B&aacute;c. L&atilde; Loan Uy&ecirc;n.</li>\r\n	<li>Hạ tầng: Ho&agrave;n thiện 100%, đường nội bộ 9 - 15m, điện &acirc;m, nước m&aacute;y, nước thủy cục, hệ thống nước mưa - nước thải ri&ecirc;ng biệt, hệ thống viễn th&ocirc;ng đầy đủ...</li>\r\n	<li>Tiện &iacute;ch nội khu: Trường mầm non, c&ocirc;ng vi&ecirc;n, khu thương mại, dịch vụ v&agrave; hồ cảnh quan...</li>\r\n</ul>', 17, 626699806, 'total_area', 0, 'published', 0, 4, 399, 12, 1, '2019-05-04', '2019-05-19', '2019-05-09 00:33:46', '2019-05-14 20:18:57');
INSERT INTO "posts"("id", "title", "slug", "image", "purpose", "address", "latitude", "longitude", "description", "area", "price", "unit", "negotiable", "status", "views", "property_type_id", "district_id", "user_id", "type_id", "start_date", "end_date", "created_at", "updated_at") VALUES (39, 'Cho thuê Nhà ở tại Huyện Đồng Phú / Bình Phước', 'cho-thue-nha-o-tai-huyen-dong-phu-binh-phuoc', 'call-to-action.jpg', 'rent', 'Tân Hưng, Đồng Phú, Bình Phước, Việt Nam', 11.476571, 106.915521, '<p><strong>Th&ocirc;ng tin dự &aacute;n:</strong></p>\r\n\r\n<ul>\r\n	<li>Vị tr&iacute;: Huyện Đồng Ph&uacute; / B&igrave;nh Phước.</li>\r\n	<li>Quy m&ocirc; dự &aacute;n Cho thu&ecirc; Nh&agrave; ở tại Huyện Đồng Ph&uacute; / B&igrave;nh Phước 38: 64 m2.</li>\r\n	<li>Chủ đầu tư v&agrave; ph&acirc;n phối: B&aacute;c. L&atilde; Loan Uy&ecirc;n.</li>\r\n	<li>Hạ tầng: Ho&agrave;n thiện 100%, đường nội bộ 9 - 15m, điện &acirc;m, nước m&aacute;y, nước thủy cục, hệ thống nước mưa - nước thải ri&ecirc;ng biệt, hệ thống viễn th&ocirc;ng đầy đủ...</li>\r\n	<li>Tiện &iacute;ch nội khu: Trường mầm non, c&ocirc;ng vi&ecirc;n, khu thương mại, dịch vụ v&agrave; hồ cảnh quan...</li>\r\n</ul>', 64, 411126687, 'year', 1, 'published', 0, 3, 506, 12, 3, '2019-05-03', '2019-06-06', '2019-05-09 00:33:46', '2019-05-14 20:20:45');
INSERT INTO "posts"("id", "title", "slug", "image", "purpose", "address", "latitude", "longitude", "description", "area", "price", "unit", "negotiable", "status", "views", "property_type_id", "district_id", "user_id", "type_id", "start_date", "end_date", "created_at", "updated_at") VALUES (40, 'Cho thuê Căn hộ tại Huyện Gia Lộc / Hải Dương', 'cho-thue-can-ho-tai-huyen-gia-loc-hai-duong', 'themeqx-cover.jpeg', 'rent', '47 Đỗ Quang, TT. Gia Lộc, Gia Lộc, Hải Dương, Việt Nam', 20.874625, 106.295258, '<p><strong>Th&ocirc;ng tin dự &aacute;n:</strong></p>\r\n\r\n<ul>\r\n	<li>Vị tr&iacute;: Huyện Gia Lộc / Hải Dương.</li>\r\n	<li>Quy m&ocirc; dự &aacute;n Cho thu&ecirc; Căn hộ tại Huyện Gia Lộc / Hải Dương 39: 91 m2.</li>\r\n	<li>Chủ đầu tư v&agrave; ph&acirc;n phối: B&aacute;c. L&atilde; Loan Uy&ecirc;n.</li>\r\n	<li>Hạ tầng: Ho&agrave;n thiện 100%, đường nội bộ 9 - 15m, điện &acirc;m, nước m&aacute;y, nước thủy cục, hệ thống nước mưa - nước thải ri&ecirc;ng biệt, hệ thống viễn th&ocirc;ng đầy đủ...</li>\r\n	<li>Tiện &iacute;ch nội khu: Trường mầm non, c&ocirc;ng vi&ecirc;n, khu thương mại, dịch vụ v&agrave; hồ cảnh quan...</li>\r\n</ul>', 91, 932928331, 'year', 0, 'pending', 0, 2, 67, 12, 3, '2019-05-05', '2019-05-24', '2019-05-09 00:33:46', '2019-05-14 20:21:23');
INSERT INTO "posts"("id", "title", "slug", "image", "purpose", "address", "latitude", "longitude", "description", "area", "price", "unit", "negotiable", "status", "views", "property_type_id", "district_id", "user_id", "type_id", "start_date", "end_date", "created_at", "updated_at") VALUES (41, 'Cho thuê Nhà ở tại Huyện Lục Yên / Yên Bái', 'cho-thue-nha-o-tai-huyen-luc-yen-yen-bai', 'call-to-action.jpg', 'rent', 'Xã Tô Mậu, Huyện Lục Yên, Tỉnh Yên Bái, Tô Mậu, Lục Yên, Yên Bái, Việt Nam', 22.134805, 104.665873, '<p><strong>Th&ocirc;ng tin dự &aacute;n:</strong></p>\r\n\r\n<ul>\r\n	<li>Vị tr&iacute;: Huyện Lục Y&ecirc;n / Y&ecirc;n B&aacute;i.</li>\r\n	<li>Quy m&ocirc; dự &aacute;n Cho thu&ecirc; Nh&agrave; ở tại Huyện Lục Y&ecirc;n / Y&ecirc;n B&aacute;i 40: 49 m2.</li>\r\n	<li>Chủ đầu tư v&agrave; ph&acirc;n phối: B&aacute;c. L&atilde; Loan Uy&ecirc;n.</li>\r\n	<li>Hạ tầng: Ho&agrave;n thiện 100%, đường nội bộ 9 - 15m, điện &acirc;m, nước m&aacute;y, nước thủy cục, hệ thống nước mưa - nước thải ri&ecirc;ng biệt, hệ thống viễn th&ocirc;ng đầy đủ...</li>\r\n	<li>Tiện &iacute;ch nội khu: Trường mầm non, c&ocirc;ng vi&ecirc;n, khu thương mại, dịch vụ v&agrave; hồ cảnh quan...</li>\r\n</ul>', 49, 172195022, 'month', 1, 'published', 0, 3, 184, 12, 2, '2019-05-07', '2019-06-01', '2019-05-09 00:33:46', '2019-05-14 20:21:47');
INSERT INTO "posts"("id", "title", "slug", "image", "purpose", "address", "latitude", "longitude", "description", "area", "price", "unit", "negotiable", "status", "views", "property_type_id", "district_id", "user_id", "type_id", "start_date", "end_date", "created_at", "updated_at") VALUES (42, 'Bán Văn phòng tại Ngọc Hồi / Lai Châu', 'ban-van-phong-tai-ngoc-hoi-lai-chau', 'call-to-action.jpg', 'sale', 'Unnamed Road, Đắk Kan, Ngọc Hồi, Kon Tum, Việt Nam', 14.634526, 107.692747, '<p><strong>Th&ocirc;ng tin dự &aacute;n:</strong></p>\r\n\r\n<ul>\r\n	<li>Vị tr&iacute;: Ngọc H&ocirc;̀i&nbsp;/ Lai Ch&acirc;u.</li>\r\n	<li>Quy m&ocirc; dự &aacute;n Bán Văn phòng tại Huyện Điện Bi&ecirc;n / Lai Ch&acirc;u 41: 89 m2.</li>\r\n	<li>Chủ đầu tư v&agrave; ph&acirc;n phối: B&aacute;c. L&atilde; Loan Uy&ecirc;n.</li>\r\n	<li>Hạ tầng: Ho&agrave;n thiện 100%, đường nội bộ 9 - 15m, điện &acirc;m, nước m&aacute;y, nước thủy cục, hệ thống nước mưa - nước thải ri&ecirc;ng biệt, hệ thống viễn th&ocirc;ng đầy đủ...</li>\r\n	<li>Tiện &iacute;ch nội khu: Trường mầm non, c&ocirc;ng vi&ecirc;n, khu thương mại, dịch vụ v&agrave; hồ cảnh quan...</li>\r\n</ul>', 89, 87872164, 'm2', 0, 'published', 0, 4, 428, 12, 1, '2019-05-08', '2019-05-24', '2019-05-09 00:33:46', '2019-05-14 20:24:06');
INSERT INTO "posts"("id", "title", "slug", "image", "purpose", "address", "latitude", "longitude", "description", "area", "price", "unit", "negotiable", "status", "views", "property_type_id", "district_id", "user_id", "type_id", "start_date", "end_date", "created_at", "updated_at") VALUES (43, 'Cho thuê Nhà trọ tại Huyện Yên Thủy / Hòa Bình', 'cho-thue-nha-tro-tai-huyen-yen-thuy-hoa-binh', 'themeqx-cover.jpeg', 'rent', 'QL12B, Lạc Thịnh, Yên Thuỷ, Hòa Bình, Việt Nam', 20.404168, 105.582761, '<p><strong>Th&ocirc;ng tin dự &aacute;n:</strong></p>\r\n\r\n<ul>\r\n	<li>Vị tr&iacute;: Huyện Y&ecirc;n Thủy / H&ograve;a B&igrave;nh.</li>\r\n	<li>Quy m&ocirc; dự &aacute;n Cho thu&ecirc; Nh&agrave; trọ tại Huyện Y&ecirc;n Thủy / H&ograve;a B&igrave;nh 42: 3 m2.</li>\r\n	<li>Chủ đầu tư v&agrave; ph&acirc;n phối: Mộc T&agrave;i.</li>\r\n	<li>Hạ tầng: Ho&agrave;n thiện 100%, đường nội bộ 9 - 15m, điện &acirc;m, nước m&aacute;y, nước thủy cục, hệ thống nước mưa - nước thải ri&ecirc;ng biệt, hệ thống viễn th&ocirc;ng đầy đủ...</li>\r\n	<li>Tiện &iacute;ch nội khu: Trường mầm non, c&ocirc;ng vi&ecirc;n, khu thương mại, dịch vụ v&agrave; hồ cảnh quan...</li>\r\n</ul>', 3, 23742816, 'month', 1, 'pending', 0, 5, 271, 13, 2, '2019-05-04', '2019-05-19', '2019-05-09 00:33:47', '2019-05-14 20:25:58');
INSERT INTO "posts"("id", "title", "slug", "image", "purpose", "address", "latitude", "longitude", "description", "area", "price", "unit", "negotiable", "status", "views", "property_type_id", "district_id", "user_id", "type_id", "start_date", "end_date", "created_at", "updated_at") VALUES (44, 'Cho thuê Biệt thự tại Huyện Quế Võ / Bắc Ninh', 'cho-thue-biet-thu-tai-huyen-que-vo-bac-ninh', 'call-to-action.jpg', 'rent', 'Quế Võ_Yên Dũng, Quế Tân, Quế Võ, Bắc Ninh, Việt Nam', 21.159769, 106.183783, '<p><strong>Th&ocirc;ng tin dự &aacute;n:</strong></p>\r\n\r\n<ul>\r\n	<li>Vị tr&iacute;: Huyện Quế V&otilde; / Bắc Ninh.</li>\r\n	<li>Quy m&ocirc; dự &aacute;n Cho thu&ecirc; Bi&ecirc;̣t thự tại Huyện Quế V&otilde; / Bắc Ninh 43: 3 m2.</li>\r\n	<li>Chủ đầu tư v&agrave; ph&acirc;n phối: Mộc T&agrave;i.</li>\r\n	<li>Hạ tầng: Ho&agrave;n thiện 100%, đường nội bộ 9 - 15m, điện &acirc;m, nước m&aacute;y, nước thủy cục, hệ thống nước mưa - nước thải ri&ecirc;ng biệt, hệ thống viễn th&ocirc;ng đầy đủ...</li>\r\n	<li>Tiện &iacute;ch nội khu: Trường mầm non, c&ocirc;ng vi&ecirc;n, khu thương mại, dịch vụ v&agrave; hồ cảnh quan...</li>\r\n</ul>', 3, 344782268, 'year', 0, 'published', 0, 1, 54, 13, 2, '2019-05-07', '2019-05-26', '2019-05-09 00:33:47', '2019-05-14 20:26:22');
INSERT INTO "posts"("id", "title", "slug", "image", "purpose", "address", "latitude", "longitude", "description", "area", "price", "unit", "negotiable", "status", "views", "property_type_id", "district_id", "user_id", "type_id", "start_date", "end_date", "created_at", "updated_at") VALUES (45, 'Bán Nhà ở tại Huyện Thạch Hà / Hà Tĩnh', 'ban-nha-o-tai-huyen-thach-ha-ha-tinh', 'call-to-action.jpg', 'sale', 'AH1, Thạch Vịnh, Thạch Hà, Hà Tĩnh, Việt Nam', 18.356698, 105.848271, '<p><strong>Th&ocirc;ng tin dự &aacute;n:</strong></p>\r\n\r\n<ul>\r\n	<li>Vị tr&iacute;: Huyện Thạch H&agrave; / H&agrave; Tĩnh.</li>\r\n	<li>Quy m&ocirc; dự &aacute;n Bán Nh&agrave; ở tại Huyện Thạch H&agrave; / H&agrave; Tĩnh 44: 24 m2.</li>\r\n	<li>Chủ đầu tư v&agrave; ph&acirc;n phối: Cụ. Kim Nương.</li>\r\n	<li>Hạ tầng: Ho&agrave;n thiện 100%, đường nội bộ 9 - 15m, điện &acirc;m, nước m&aacute;y, nước thủy cục, hệ thống nước mưa - nước thải ri&ecirc;ng biệt, hệ thống viễn th&ocirc;ng đầy đủ...</li>\r\n	<li>Tiện &iacute;ch nội khu: Trường mầm non, c&ocirc;ng vi&ecirc;n, khu thương mại, dịch vụ v&agrave; hồ cảnh quan...</li>\r\n</ul>', 24, 166494230, 'm2', 0, 'pending', 0, 3, 327, 14, 2, '2019-05-03', '2019-05-24', '2019-05-09 00:33:48', '2019-05-14 20:26:55');
INSERT INTO "posts"("id", "title", "slug", "image", "purpose", "address", "latitude", "longitude", "description", "area", "price", "unit", "negotiable", "status", "views", "property_type_id", "district_id", "user_id", "type_id", "start_date", "end_date", "created_at", "updated_at") VALUES (46, 'Bán Nhà trọ tại Huyện Quốc Oai / Hà Tây', 'ban-nha-tro-tai-huyen-quoc-oai-ha-tay', 'themeqx-cover.jpeg', 'sale', 'Unnamed Road, Hoà Thạch, Quốc Oai, Hà Nội, Việt Nam', 20.958964, 105.577218, '<p><strong>Th&ocirc;ng tin dự &aacute;n:</strong></p>\r\n\r\n<ul>\r\n	<li>Vị tr&iacute;: Huyện Quốc Oai / H&agrave; T&acirc;y.</li>\r\n	<li>Quy m&ocirc; dự &aacute;n Bán Nh&agrave; trọ tại Huyện Quốc Oai / H&agrave; T&acirc;y 45: 82 m2.</li>\r\n	<li>Chủ đầu tư v&agrave; ph&acirc;n phối: Cụ. Kim Nương.</li>\r\n	<li>Hạ tầng: Ho&agrave;n thiện 100%, đường nội bộ 9 - 15m, điện &acirc;m, nước m&aacute;y, nước thủy cục, hệ thống nước mưa - nước thải ri&ecirc;ng biệt, hệ thống viễn th&ocirc;ng đầy đủ...</li>\r\n	<li>Tiện &iacute;ch nội khu: Trường mầm non, c&ocirc;ng vi&ecirc;n, khu thương mại, dịch vụ v&agrave; hồ cảnh quan...</li>\r\n</ul>', 82, 969449692, 'm2', 1, 'pending', 0, 5, 44, 14, 2, '2019-05-04', '2019-06-04', '2019-05-09 00:33:48', '2019-05-14 20:27:17');
INSERT INTO "posts"("id", "title", "slug", "image", "purpose", "address", "latitude", "longitude", "description", "area", "price", "unit", "negotiable", "status", "views", "property_type_id", "district_id", "user_id", "type_id", "start_date", "end_date", "created_at", "updated_at") VALUES (47, 'Cho thuê Văn phòng tại Huyện Sơn Tịnh / Quảng Ngãi', 'cho-thue-van-phong-tai-huyen-son-tinh-quang-ngai', 'call-to-action.jpg', 'rent', 'Tịnh Hà, Sơn Tịnh, Quảng Ngãi, Việt Nam', 15.180846, 108.743227, '<p><strong>Th&ocirc;ng tin dự &aacute;n:</strong></p>\r\n\r\n<ul>\r\n	<li>Vị tr&iacute;: Huyện Sơn Tịnh / Quảng Ng&atilde;i.</li>\r\n	<li>Quy m&ocirc; dự &aacute;n Cho thu&ecirc; Văn phòng tại Huyện Sơn Tịnh / Quảng Ng&atilde;i 46: 17 m2.</li>\r\n	<li>Chủ đầu tư v&agrave; ph&acirc;n phối: Cụ. Kim Nương.</li>\r\n	<li>Hạ tầng: Ho&agrave;n thiện 100%, đường nội bộ 9 - 15m, điện &acirc;m, nước m&aacute;y, nước thủy cục, hệ thống nước mưa - nước thải ri&ecirc;ng biệt, hệ thống viễn th&ocirc;ng đầy đủ...</li>\r\n	<li>Tiện &iacute;ch nội khu: Trường mầm non, c&ocirc;ng vi&ecirc;n, khu thương mại, dịch vụ v&agrave; hồ cảnh quan...</li>\r\n</ul>', 17, 685447937, 'year', 0, 'pending', 0, 4, 387, 14, 3, '2019-05-02', '2019-05-22', '2019-05-09 00:33:48', '2019-05-14 20:27:53');
INSERT INTO "posts"("id", "title", "slug", "image", "purpose", "address", "latitude", "longitude", "description", "area", "price", "unit", "negotiable", "status", "views", "property_type_id", "district_id", "user_id", "type_id", "start_date", "end_date", "created_at", "updated_at") VALUES (48, 'Cho thuê Biệt thự tại Huyện Bảo Lạc / Cao Bằng', 'cho-thue-biet-thu-tai-huyen-bao-lac-cao-bang', 'themeqx-cover.jpeg', 'rent', 'Hưng Thịnh, Bảo Lạc, Cao Bằng, Việt Nam', 22.811203, 105.660359, '<p><strong>Th&ocirc;ng tin dự &aacute;n:</strong></p>\r\n\r\n<ul>\r\n	<li>Vị tr&iacute;: Huyện Bảo Lạc / Cao Bằng.</li>\r\n	<li>Quy m&ocirc; dự &aacute;n Cho thu&ecirc; Bi&ecirc;̣t thự tại Huyện Bảo Lạc / Cao Bằng 47: 49 m2.</li>\r\n	<li>Chủ đầu tư v&agrave; ph&acirc;n phối: Cụ. Kim Nương.</li>\r\n	<li>Hạ tầng: Ho&agrave;n thiện 100%, đường nội bộ 9 - 15m, điện &acirc;m, nước m&aacute;y, nước thủy cục, hệ thống nước mưa - nước thải ri&ecirc;ng biệt, hệ thống viễn th&ocirc;ng đầy đủ...</li>\r\n	<li>Tiện &iacute;ch nội khu: Trường mầm non, c&ocirc;ng vi&ecirc;n, khu thương mại, dịch vụ v&agrave; hồ cảnh quan...</li>\r\n</ul>', 49, 516448410, 'month', 1, 'pending', 0, 1, 133, 14, 3, '2019-05-09', '2019-06-05', '2019-05-09 00:33:48', '2019-05-14 20:28:35');
INSERT INTO "posts"("id", "title", "slug", "image", "purpose", "address", "latitude", "longitude", "description", "area", "price", "unit", "negotiable", "status", "views", "property_type_id", "district_id", "user_id", "type_id", "start_date", "end_date", "created_at", "updated_at") VALUES (49, 'Cho thuê Căn hộ tại Huyện Trực Ninh / Nam Định', 'cho-thue-can-ho-tai-huyen-truc-ninh-nam-dinh', 'themeqx-cover.jpeg', 'rent', 'Trực Mỹ, Trực Ninh, Nam Định, Việt Nam', 20.228787, 106.212757, '<p><strong>Th&ocirc;ng tin dự &aacute;n:</strong></p>\r\n\r\n<ul>\r\n	<li>Vị tr&iacute;: Huyện Trực Ninh / Nam Định.</li>\r\n	<li>Quy m&ocirc; dự &aacute;n Cho thu&ecirc; Căn hộ tại Huyện Trực Ninh / Nam Định 48: 31 m2.</li>\r\n	<li>Chủ đầu tư v&agrave; ph&acirc;n phối: Cụ. Kim Nương.</li>\r\n	<li>Hạ tầng: Ho&agrave;n thiện 100%, đường nội bộ 9 - 15m, điện &acirc;m, nước m&aacute;y, nước thủy cục, hệ thống nước mưa - nước thải ri&ecirc;ng biệt, hệ thống viễn th&ocirc;ng đầy đủ...</li>\r\n	<li>Tiện &iacute;ch nội khu: Trường mầm non, c&ocirc;ng vi&ecirc;n, khu thương mại, dịch vụ v&agrave; hồ cảnh quan...</li>\r\n</ul>', 31, 660248020, 'month', 1, 'published', 0, 2, 97, 14, 3, '2019-05-08', '2019-05-31', '2019-05-09 00:33:48', '2019-05-14 20:29:03');
INSERT INTO "posts"("id", "title", "slug", "image", "purpose", "address", "latitude", "longitude", "description", "area", "price", "unit", "negotiable", "status", "views", "property_type_id", "district_id", "user_id", "type_id", "start_date", "end_date", "created_at", "updated_at") VALUES (50, 'Cho thuê Văn phòng tại Huyện Mù Căng Chải / Yên Bái', 'cho-thue-van-phong-tai-huyen-mu-cang-chai-yen-bai', 'call-to-action.jpg', 'rent', 'Kim Nọi, Mù Cang Chải, Yên Bái, Việt Nam', 21.813227, 104.110609, '<p><strong>Th&ocirc;ng tin dự &aacute;n:</strong></p>\r\n\r\n<ul>\r\n	<li>Vị tr&iacute;: Huyện M&ugrave; Căng Chải / Y&ecirc;n B&aacute;i.</li>\r\n	<li>Quy m&ocirc; dự &aacute;n Cho thu&ecirc; Văn phòng tại Huyện M&ugrave; Căng Chải / Y&ecirc;n B&aacute;i 49: 40 m2.</li>\r\n	<li>Chủ đầu tư v&agrave; ph&acirc;n phối: V&otilde; Trung.</li>\r\n	<li>Hạ tầng: Ho&agrave;n thiện 100%, đường nội bộ 9 - 15m, điện &acirc;m, nước m&aacute;y, nước thủy cục, hệ thống nước mưa - nước thải ri&ecirc;ng biệt, hệ thống viễn th&ocirc;ng đầy đủ...</li>\r\n	<li>Tiện &iacute;ch nội khu: Trường mầm non, c&ocirc;ng vi&ecirc;n, khu thương mại, dịch vụ v&agrave; hồ cảnh quan...</li>\r\n</ul>', 40, 925406457, 'month', 1, 'pending', 0, 4, 186, 15, 3, '2019-05-05', '2019-05-17', '2019-05-09 00:33:50', '2019-05-14 20:29:34');
INSERT INTO "posts"("id", "title", "slug", "image", "purpose", "address", "latitude", "longitude", "description", "area", "price", "unit", "negotiable", "status", "views", "property_type_id", "district_id", "user_id", "type_id", "start_date", "end_date", "created_at", "updated_at") VALUES (51, 'Cho thuê Nhà ở tại  Ô Môn / Cần Thơ', 'cho-thue-nha-o-tai-o-mon-can-tho', 'themeqx-cover.jpeg', 'rent', 'Thới An, Ô Môn, Cần Thơ, Việt Nam', 10.161383, 105.629651, '<p><strong>Th&ocirc;ng tin dự &aacute;n:</strong></p>\r\n\r\n<ul>\r\n	<li>Vị tr&iacute;: &nbsp;&Ocirc; M&ocirc;n / Cần Thơ.</li>\r\n	<li>Quy m&ocirc; dự &aacute;n Cho thu&ecirc; Nh&agrave; ở tại Huyện Long Mỹ / Cần Thơ 50: 92 m2.</li>\r\n	<li>Chủ đầu tư v&agrave; ph&acirc;n phối: V&otilde; Trung.</li>\r\n	<li>Hạ tầng: Ho&agrave;n thiện 100%, đường nội bộ 9 - 15m, điện &acirc;m, nước m&aacute;y, nước thủy cục, hệ thống nước mưa - nước thải ri&ecirc;ng biệt, hệ thống viễn th&ocirc;ng đầy đủ...</li>\r\n	<li>Tiện &iacute;ch nội khu: Trường mầm non, c&ocirc;ng vi&ecirc;n, khu thương mại, dịch vụ v&agrave; hồ cảnh quan...</li>\r\n</ul>', 92, 356879266, 'year', 1, 'published', 1, 3, 638, 15, 3, '2019-05-06', '2019-05-17', '2019-05-09 00:33:50', '2019-05-14 21:09:11');
INSERT INTO "posts"("id", "title", "slug", "image", "purpose", "address", "latitude", "longitude", "description", "area", "price", "unit", "negotiable", "status", "views", "property_type_id", "district_id", "user_id", "type_id", "start_date", "end_date", "created_at", "updated_at") VALUES (52, 'Cho thuê Căn hộ tại Quận 12 / Hồ Chí Minh', 'cho-thue-can-ho-tai-quan-12-ho-chi-minh', 'call-to-action.jpg', 'rent', '502/1 Tổ 11 Kp1, Thạnh Xuân, Quận 12, Hồ Chí Minh, Việt Nam', 10.867606, 106.660389, '<p><strong>Th&ocirc;ng tin dự &aacute;n:</strong></p>\r\n\r\n<ul>\r\n	<li>Vị tr&iacute;: Quận 12 / Hồ Ch&iacute; Minh.</li>\r\n	<li>Quy m&ocirc; dự &aacute;n Cho thu&ecirc; Căn hộ tại Quận 12 / Hồ Ch&iacute; Minh 51: 29 m2.</li>\r\n	<li>Chủ đầu tư v&agrave; ph&acirc;n phối: V&otilde; Trung.</li>\r\n	<li>Hạ tầng: Ho&agrave;n thiện 100%, đường nội bộ 9 - 15m, điện &acirc;m, nước m&aacute;y, nước thủy cục, hệ thống nước mưa - nước thải ri&ecirc;ng biệt, hệ thống viễn th&ocirc;ng đầy đủ...</li>\r\n	<li>Tiện &iacute;ch nội khu: Trường mầm non, c&ocirc;ng vi&ecirc;n, khu thương mại, dịch vụ v&agrave; hồ cảnh quan...</li>\r\n</ul>', 29, 58210103, 'month', 1, 'pending', 0, 2, 477, 15, 2, '2019-05-06', '2019-05-30', '2019-05-09 00:33:50', '2019-05-14 20:31:16');
INSERT INTO "posts"("id", "title", "slug", "image", "purpose", "address", "latitude", "longitude", "description", "area", "price", "unit", "negotiable", "status", "views", "property_type_id", "district_id", "user_id", "type_id", "start_date", "end_date", "created_at", "updated_at") VALUES (53, 'Bán Văn phòng tại Huyện Tiên Phước / Quảng Nam', 'ban-van-phong-tai-huyen-tien-phuoc-quang-nam', 'call-to-action.jpg', 'sale', 'Tiên Ngọc, Tiên Phước, Quảng Nam, Việt Nam', 15.479115, 108.213444, '<p><strong>Th&ocirc;ng tin dự &aacute;n:</strong></p>\r\n\r\n<ul>\r\n	<li>Vị tr&iacute;: Huyện Ti&ecirc;n Phước / Quảng Nam.</li>\r\n	<li>Quy m&ocirc; dự &aacute;n Bán Văn phòng tại Huyện Ti&ecirc;n Phước / Quảng Nam 52: 49 m2.</li>\r\n	<li>Chủ đầu tư v&agrave; ph&acirc;n phối: Ung B&aacute; Phong.</li>\r\n	<li>Hạ tầng: Ho&agrave;n thiện 100%, đường nội bộ 9 - 15m, điện &acirc;m, nước m&aacute;y, nước thủy cục, hệ thống nước mưa - nước thải ri&ecirc;ng biệt, hệ thống viễn th&ocirc;ng đầy đủ...</li>\r\n	<li>Tiện &iacute;ch nội khu: Trường mầm non, c&ocirc;ng vi&ecirc;n, khu thương mại, dịch vụ v&agrave; hồ cảnh quan...</li>\r\n</ul>', 49, 190072045, 'm2', 0, 'pending', 0, 4, 378, 16, 3, '2019-05-03', '2019-05-26', '2019-05-09 00:33:52', '2019-05-14 20:33:00');
INSERT INTO "posts"("id", "title", "slug", "image", "purpose", "address", "latitude", "longitude", "description", "area", "price", "unit", "negotiable", "status", "views", "property_type_id", "district_id", "user_id", "type_id", "start_date", "end_date", "created_at", "updated_at") VALUES (54, 'Bán Văn phòng tại Huyện Lộc Bình / Lạng Sơn', 'ban-van-phong-tai-huyen-loc-binh-lang-son', 'call-to-action.jpg', 'sale', 'QL4B, TT. Lộc Bình, Lộc Bình, Lạng Sơn, Việt Nam', 21.764293, 106.917922, '<p><strong>Th&ocirc;ng tin dự &aacute;n:</strong></p>\r\n\r\n<ul>\r\n	<li>Vị tr&iacute;: Huyện Lộc B&igrave;nh / Lạng Sơn.</li>\r\n	<li>Quy m&ocirc; dự &aacute;n Bán Văn phòng tại Huyện Lộc B&igrave;nh / Lạng Sơn 53: 14 m2.</li>\r\n	<li>Chủ đầu tư v&agrave; ph&acirc;n phối: Ung B&aacute; Phong.</li>\r\n	<li>Hạ tầng: Ho&agrave;n thiện 100%, đường nội bộ 9 - 15m, điện &acirc;m, nước m&aacute;y, nước thủy cục, hệ thống nước mưa - nước thải ri&ecirc;ng biệt, hệ thống viễn th&ocirc;ng đầy đủ...</li>\r\n	<li>Tiện &iacute;ch nội khu: Trường mầm non, c&ocirc;ng vi&ecirc;n, khu thương mại, dịch vụ v&agrave; hồ cảnh quan...</li>\r\n</ul>', 14, 961400027, 'total_area', 1, 'pending', 0, 4, 170, 16, 1, '2019-05-09', '2019-05-20', '2019-05-09 00:33:52', '2019-05-14 20:33:35');
INSERT INTO "posts"("id", "title", "slug", "image", "purpose", "address", "latitude", "longitude", "description", "area", "price", "unit", "negotiable", "status", "views", "property_type_id", "district_id", "user_id", "type_id", "start_date", "end_date", "created_at", "updated_at") VALUES (55, 'Bán Nhà ở tại Huyện An Lão / Bình Định', 'ban-nha-o-tai-huyen-an-lao-binh-dinh', 'themeqx-cover.jpeg', 'sale', 'Quang Trung, An Lão, Hải Phòng, Việt Nam', 20.806390, 106.527724, '<p><strong>Th&ocirc;ng tin dự &aacute;n:</strong></p>\r\n\r\n<ul>\r\n	<li>Vị tr&iacute;: Huyện An L&atilde;o / B&igrave;nh Định.</li>\r\n	<li>Quy m&ocirc; dự &aacute;n Bán Nh&agrave; ở tại Huyện An L&atilde;o / B&igrave;nh Định 54: 31 m2.</li>\r\n	<li>Chủ đầu tư v&agrave; ph&acirc;n phối: Ung B&aacute; Phong.</li>\r\n	<li>Hạ tầng: Ho&agrave;n thiện 100%, đường nội bộ 9 - 15m, điện &acirc;m, nước m&aacute;y, nước thủy cục, hệ thống nước mưa - nước thải ri&ecirc;ng biệt, hệ thống viễn th&ocirc;ng đầy đủ...</li>\r\n	<li>Tiện &iacute;ch nội khu: Trường mầm non, c&ocirc;ng vi&ecirc;n, khu thương mại, dịch vụ v&agrave; hồ cảnh quan...</li>\r\n</ul>', 31, 391745588, 'total_area', 0, 'pending', 0, 3, 398, 16, 2, '2019-05-07', '2019-05-31', '2019-05-09 00:33:52', '2019-05-14 20:33:53');
INSERT INTO "posts"("id", "title", "slug", "image", "purpose", "address", "latitude", "longitude", "description", "area", "price", "unit", "negotiable", "status", "views", "property_type_id", "district_id", "user_id", "type_id", "start_date", "end_date", "created_at", "updated_at") VALUES (56, 'Cho thuê Căn hộ tại Huyện Đông Sơn / Thanh Hóa', 'cho-thue-can-ho-tai-huyen-dong-son-thanh-hoa', 'themeqx-cover.jpeg', 'rent', 'ĐT517, Đông Yên, Đông Sơn, Thanh Hoá, Việt Nam', 19.795714, 105.707619, '<p><strong>Th&ocirc;ng tin dự &aacute;n:</strong></p>\r\n\r\n<ul>\r\n	<li>Vị tr&iacute;: Huyện Đ&ocirc;ng Sơn / Thanh H&oacute;a.</li>\r\n	<li>Quy m&ocirc; dự &aacute;n Cho thu&ecirc; Căn hộ tại Huyện Đ&ocirc;ng Sơn / Thanh H&oacute;a 55: 83 m2.</li>\r\n	<li>Chủ đầu tư v&agrave; ph&acirc;n phối: Chị. Tr&agrave; &Aacute;i.</li>\r\n	<li>Hạ tầng: Ho&agrave;n thiện 100%, đường nội bộ 9 - 15m, điện &acirc;m, nước m&aacute;y, nước thủy cục, hệ thống nước mưa - nước thải ri&ecirc;ng biệt, hệ thống viễn th&ocirc;ng đầy đủ...</li>\r\n	<li>Tiện &iacute;ch nội khu: Trường mầm non, c&ocirc;ng vi&ecirc;n, khu thương mại, dịch vụ v&agrave; hồ cảnh quan...</li>\r\n</ul>', 83, 809421741, 'month', 1, 'pending', 0, 2, 295, 17, 1, '2019-05-09', '2019-05-25', '2019-05-09 00:33:53', '2019-05-14 20:34:10');
INSERT INTO "posts"("id", "title", "slug", "image", "purpose", "address", "latitude", "longitude", "description", "area", "price", "unit", "negotiable", "status", "views", "property_type_id", "district_id", "user_id", "type_id", "start_date", "end_date", "created_at", "updated_at") VALUES (57, 'Bán Nhà ở tại Huyện Phong Châu / Phú Thọ', 'ban-nha-o-tai-huyen-phong-chau-phu-tho', 'themeqx-cover.jpeg', 'sale', 'QL32C, TT. Phong Châu, Phù Ninh, Phú Thọ, Việt Nam', 21.401618, 105.304991, '<p><strong>Th&ocirc;ng tin dự &aacute;n:</strong></p>\r\n\r\n<ul>\r\n	<li>Vị tr&iacute;: Huyện Phong Ch&acirc;u / Ph&uacute; Thọ.</li>\r\n	<li>Quy m&ocirc; dự &aacute;n Bán Nh&agrave; ở tại Huyện Phong Ch&acirc;u / Ph&uacute; Thọ 56: 25 m2.</li>\r\n	<li>Chủ đầu tư v&agrave; ph&acirc;n phối: Chị. Tr&agrave; &Aacute;i.</li>\r\n	<li>Hạ tầng: Ho&agrave;n thiện 100%, đường nội bộ 9 - 15m, điện &acirc;m, nước m&aacute;y, nước thủy cục, hệ thống nước mưa - nước thải ri&ecirc;ng biệt, hệ thống viễn th&ocirc;ng đầy đủ...</li>\r\n	<li>Tiện &iacute;ch nội khu: Trường mầm non, c&ocirc;ng vi&ecirc;n, khu thương mại, dịch vụ v&agrave; hồ cảnh quan...</li>\r\n</ul>', 25, 633712565, 'm2', 0, 'pending', 0, 3, 207, 17, 2, '2019-05-08', '2019-06-03', '2019-05-09 00:33:53', '2019-05-14 20:34:28');
INSERT INTO "posts"("id", "title", "slug", "image", "purpose", "address", "latitude", "longitude", "description", "area", "price", "unit", "negotiable", "status", "views", "property_type_id", "district_id", "user_id", "type_id", "start_date", "end_date", "created_at", "updated_at") VALUES (58, 'Cho thuê Căn hộ tại Thị xã Yên Bái / Yên Bái', 'cho-thue-can-ho-tai-thi-xa-yen-bai-yen-bai', 'themeqx-cover.jpeg', 'rent', '111 Hoàng Hoa Thám, P.Nguyễn Thái Học, Thành phố Yên Bái, Yên Bái, Việt Nam', 21.706029, 104.888108, '<p><strong>Th&ocirc;ng tin dự &aacute;n:</strong></p>\r\n\r\n<ul>\r\n	<li>Vị tr&iacute;: Thị x&atilde; Y&ecirc;n B&aacute;i / Y&ecirc;n B&aacute;i.</li>\r\n	<li>Quy m&ocirc; dự &aacute;n Cho thu&ecirc; Căn hộ tại Thị x&atilde; Y&ecirc;n B&aacute;i / Y&ecirc;n B&aacute;i 57: 88 m2.</li>\r\n	<li>Chủ đầu tư v&agrave; ph&acirc;n phối: Chị. Tr&agrave; &Aacute;i.</li>\r\n	<li>Hạ tầng: Ho&agrave;n thiện 100%, đường nội bộ 9 - 15m, điện &acirc;m, nước m&aacute;y, nước thủy cục, hệ thống nước mưa - nước thải ri&ecirc;ng biệt, hệ thống viễn th&ocirc;ng đầy đủ...</li>\r\n	<li>Tiện &iacute;ch nội khu: Trường mầm non, c&ocirc;ng vi&ecirc;n, khu thương mại, dịch vụ v&agrave; hồ cảnh quan...</li>\r\n</ul>', 88, 207012007, 'month', 1, 'published', 3, 2, 182, 17, 2, '2019-05-07', '2019-05-27', '2019-05-09 00:33:53', '2019-05-14 20:34:59');
INSERT INTO "posts"("id", "title", "slug", "image", "purpose", "address", "latitude", "longitude", "description", "area", "price", "unit", "negotiable", "status", "views", "property_type_id", "district_id", "user_id", "type_id", "start_date", "end_date", "created_at", "updated_at") VALUES (59, 'Cho thuê Căn hộ tại Huyện Gia Lâm / Hà Nội', 'cho-thue-can-ho-tai-huyen-gia-lam-ha-noi', 'call-to-action.jpg', 'rent', 'Đường Trâu Quỳ, Trâu Quỳ, Gia Lâm, Hà Nội, Việt Nam', 21.009302, 105.935190, '<p><strong>Th&ocirc;ng tin dự &aacute;n:</strong></p>\r\n\r\n<ul>\r\n	<li>Vị tr&iacute;: Huyện Gia L&acirc;m / H&agrave; Nội.</li>\r\n	<li>Quy m&ocirc; dự &aacute;n Cho thu&ecirc; Căn hộ tại Huyện Gia L&acirc;m / H&agrave; Nội 58: 71 m2.</li>\r\n	<li>Chủ đầu tư v&agrave; ph&acirc;n phối: Chị. Tr&agrave; &Aacute;i.</li>\r\n	<li>Hạ tầng: Ho&agrave;n thiện 100%, đường nội bộ 9 - 15m, điện &acirc;m, nước m&aacute;y, nước thủy cục, hệ thống nước mưa - nước thải ri&ecirc;ng biệt, hệ thống viễn th&ocirc;ng đầy đủ...</li>\r\n	<li>Tiện &iacute;ch nội khu: Trường mầm non, c&ocirc;ng vi&ecirc;n, khu thương mại, dịch vụ v&agrave; hồ cảnh quan...</li>\r\n</ul>', 71, 118439297, 'year', 0, 'pending', 0, 2, 11, 17, 1, '2019-05-05', '2019-05-24', '2019-05-09 00:33:53', '2019-05-14 20:35:46');
INSERT INTO "posts"("id", "title", "slug", "image", "purpose", "address", "latitude", "longitude", "description", "area", "price", "unit", "negotiable", "status", "views", "property_type_id", "district_id", "user_id", "type_id", "start_date", "end_date", "created_at", "updated_at") VALUES (60, 'Cho thuê Nhà ở tại Huyện Đức Huệ / Long An', 'cho-thue-nha-o-tai-huyen-duc-hue-long-an', 'themeqx-cover.jpeg', 'rent', '3/4 Ấp BÌnh Lương 1, Xã Bình Thành, Huyện Thủ Thừa, Tỉnh Long An, Bình Thạnh, Đức Huệ, Long An, Việt Nam', 10.813467, 106.274660, '<p><strong>Th&ocirc;ng tin dự &aacute;n:</strong></p>\r\n\r\n<ul>\r\n	<li>Vị tr&iacute;: Huyện Đức Huệ / Long An.</li>\r\n	<li>Quy m&ocirc; dự &aacute;n Cho thu&ecirc; Nh&agrave; ở tại Huyện Đức Huệ / Long An 59: 16 m2.</li>\r\n	<li>Chủ đầu tư v&agrave; ph&acirc;n phối: Chị. Tr&agrave; &Aacute;i.</li>\r\n	<li>Hạ tầng: Ho&agrave;n thiện 100%, đường nội bộ 9 - 15m, điện &acirc;m, nước m&aacute;y, nước thủy cục, hệ thống nước mưa - nước thải ri&ecirc;ng biệt, hệ thống viễn th&ocirc;ng đầy đủ...</li>\r\n	<li>Tiện &iacute;ch nội khu: Trường mầm non, c&ocirc;ng vi&ecirc;n, khu thương mại, dịch vụ v&agrave; hồ cảnh quan...</li>\r\n</ul>', 16, 126043476, 'year', 0, 'pending', 0, 3, 561, 17, 3, '2019-05-02', '2019-05-22', '2019-05-09 00:33:53', '2019-05-14 20:36:06');
INSERT INTO "posts"("id", "title", "slug", "image", "purpose", "address", "latitude", "longitude", "description", "area", "price", "unit", "negotiable", "status", "views", "property_type_id", "district_id", "user_id", "type_id", "start_date", "end_date", "created_at", "updated_at") VALUES (61, 'Cho thuê Văn phòng tại Thị xã Bà Rịa / Bà Rịa - Vũng Tầu', 'cho-thue-van-phong-tai-thi-xa-ba-ria-ba-ria-vung-tau', 'call-to-action.jpg', 'rent', '236B, Hai Mươi Bảy Tháng Tư, Phường Phước Hưng, Thị Xã Bà Rịa, Phước Hưng, Bà Rịa, Bà Rịa - Vũng Tàu, Việt Nam', 10.503443, 107.169406, '<p><strong>Th&ocirc;ng tin dự &aacute;n:</strong></p>\r\n\r\n<ul>\r\n	<li>Vị tr&iacute;: Thị x&atilde; B&agrave; Rịa / B&agrave; Rịa - Vũng Tầu.</li>\r\n	<li>Quy m&ocirc; dự &aacute;n Cho thu&ecirc; Văn phòng tại Thị x&atilde; B&agrave; Rịa / B&agrave; Rịa - Vũng Tầu 60: 61 m2.</li>\r\n	<li>Chủ đầu tư v&agrave; ph&acirc;n phối: Thi H&agrave;o.</li>\r\n	<li>Hạ tầng: Ho&agrave;n thiện 100%, đường nội bộ 9 - 15m, điện &acirc;m, nước m&aacute;y, nước thủy cục, hệ thống nước mưa - nước thải ri&ecirc;ng biệt, hệ thống viễn th&ocirc;ng đầy đủ...</li>\r\n	<li>Tiện &iacute;ch nội khu: Trường mầm non, c&ocirc;ng vi&ecirc;n, khu thương mại, dịch vụ v&agrave; hồ cảnh quan...</li>\r\n</ul>', 61, 513942492, 'month', 0, 'pending', 0, 4, 548, 18, 1, '2019-05-07', '2019-06-04', '2019-05-09 00:33:56', '2019-05-14 20:36:34');
INSERT INTO "posts"("id", "title", "slug", "image", "purpose", "address", "latitude", "longitude", "description", "area", "price", "unit", "negotiable", "status", "views", "property_type_id", "district_id", "user_id", "type_id", "start_date", "end_date", "created_at", "updated_at") VALUES (62, 'Cho thuê Nhà ở tại Huyện Bình Lục / Hà Nam', 'cho-thue-nha-o-tai-huyen-binh-luc-ha-nam', 'call-to-action.jpg', 'rent', 'Nhân Dực, Bình Lục, Hà Nam, Việt Nam', 20.516170, 106.016143, '<p><strong>Th&ocirc;ng tin dự &aacute;n:</strong></p>\r\n\r\n<ul>\r\n	<li>Vị tr&iacute;: Huyện B&igrave;nh Lục / H&agrave; Nam.</li>\r\n	<li>Quy m&ocirc; dự &aacute;n Cho thu&ecirc; Nh&agrave; ở tại Huyện B&igrave;nh Lục / H&agrave; Nam 61: 15 m2.</li>\r\n	<li>Chủ đầu tư v&agrave; ph&acirc;n phối: Thi H&agrave;o.</li>\r\n	<li>Hạ tầng: Ho&agrave;n thiện 100%, đường nội bộ 9 - 15m, điện &acirc;m, nước m&aacute;y, nước thủy cục, hệ thống nước mưa - nước thải ri&ecirc;ng biệt, hệ thống viễn th&ocirc;ng đầy đủ...</li>\r\n	<li>Tiện &iacute;ch nội khu: Trường mầm non, c&ocirc;ng vi&ecirc;n, khu thương mại, dịch vụ v&agrave; hồ cảnh quan...</li>\r\n</ul>', 15, 820180599, 'year', 1, 'published', 5, 3, 90, 18, 1, '2019-05-06', '2019-05-18', '2019-05-09 00:33:56', '2019-05-14 20:36:58');
INSERT INTO "posts"("id", "title", "slug", "image", "purpose", "address", "latitude", "longitude", "description", "area", "price", "unit", "negotiable", "status", "views", "property_type_id", "district_id", "user_id", "type_id", "start_date", "end_date", "created_at", "updated_at") VALUES (63, 'Bán Văn phòng tại Quận Hai Bà Trưng / Hà Nội', 'ban-van-phong-tai-quan-hai-ba-trung-ha-noi', 'themeqx-cover.jpeg', 'sale', '91 Lê Thanh Nghị, Bách Khoa, Hai Bà Trưng, Hà Nội, Việt Nam', 21.001718, 105.845238, '<p><strong>Th&ocirc;ng tin dự &aacute;n:</strong></p>\r\n\r\n<ul>\r\n	<li>Vị tr&iacute;: Quận Hai B&agrave; Trưng / H&agrave; Nội.</li>\r\n	<li>Quy m&ocirc; dự &aacute;n Bán Văn phòng tại Quận Hai B&agrave; Trưng / H&agrave; Nội 62: 60 m2.</li>\r\n	<li>Chủ đầu tư v&agrave; ph&acirc;n phối: Thi H&agrave;o.</li>\r\n	<li>Hạ tầng: Ho&agrave;n thiện 100%, đường nội bộ 9 - 15m, điện &acirc;m, nước m&aacute;y, nước thủy cục, hệ thống nước mưa - nước thải ri&ecirc;ng biệt, hệ thống viễn th&ocirc;ng đầy đủ...</li>\r\n	<li>Tiện &iacute;ch nội khu: Trường mầm non, c&ocirc;ng vi&ecirc;n, khu thương mại, dịch vụ v&agrave; hồ cảnh quan...</li>\r\n</ul>', 60, 75412896, 'm2', 1, 'pending', 0, 4, 5, 18, 2, '2019-05-07', '2019-05-30', '2019-05-09 00:33:56', '2019-05-14 20:37:33');
INSERT INTO "posts"("id", "title", "slug", "image", "purpose", "address", "latitude", "longitude", "description", "area", "price", "unit", "negotiable", "status", "views", "property_type_id", "district_id", "user_id", "type_id", "start_date", "end_date", "created_at", "updated_at") VALUES (64, 'Cho thuê Nhà ở tại Huyện Bến Cát / Bình Dương', 'cho-thue-nha-o-tai-huyen-ben-cat-binh-duong', 'call-to-action.jpg', 'rent', 'Thới Hoà, Bến Cát, Bình Dương, Việt Nam', 11.117420, 106.608051, '<p><strong>Th&ocirc;ng tin dự &aacute;n:</strong></p>\r\n\r\n<ul>\r\n	<li>Vị tr&iacute;: Huyện Bến C&aacute;t / B&igrave;nh Dương.</li>\r\n	<li>Quy m&ocirc; dự &aacute;n Cho thu&ecirc; Nh&agrave; ở tại Huyện Bến C&aacute;t / B&igrave;nh Dương 63: 18 m2.</li>\r\n	<li>Chủ đầu tư v&agrave; ph&acirc;n phối: Thi H&agrave;o.</li>\r\n	<li>Hạ tầng: Ho&agrave;n thiện 100%, đường nội bộ 9 - 15m, điện &acirc;m, nước m&aacute;y, nước thủy cục, hệ thống nước mưa - nước thải ri&ecirc;ng biệt, hệ thống viễn th&ocirc;ng đầy đủ...</li>\r\n	<li>Tiện &iacute;ch nội khu: Trường mầm non, c&ocirc;ng vi&ecirc;n, khu thương mại, dịch vụ v&agrave; hồ cảnh quan...</li>\r\n</ul>', 18, 754172669, 'month', 1, 'pending', 0, 3, 523, 18, 3, '2019-05-08', '2019-05-26', '2019-05-09 00:33:56', '2019-05-14 20:37:54');
INSERT INTO "posts"("id", "title", "slug", "image", "purpose", "address", "latitude", "longitude", "description", "area", "price", "unit", "negotiable", "status", "views", "property_type_id", "district_id", "user_id", "type_id", "start_date", "end_date", "created_at", "updated_at") VALUES (65, 'Cho thuê Văn phòng tại Huyện An Khê / Gia Lai', 'cho-thue-van-phong-tai-huyen-an-khe-gia-lai', 'call-to-action.jpg', 'rent', 'Thành An, An Khê, Gia Lai, Việt Nam', 14.008438, 108.665565, '<p><strong>Th&ocirc;ng tin dự &aacute;n:</strong></p>\r\n\r\n<ul>\r\n	<li>Vị tr&iacute;: Huyện An Kh&ecirc; / Gia Lai.</li>\r\n	<li>Quy m&ocirc; dự &aacute;n Cho thu&ecirc; Văn phòng tại Huyện An Kh&ecirc; / Gia Lai 64: 25 m2.</li>\r\n	<li>Chủ đầu tư v&agrave; ph&acirc;n phối: C&ocirc;. Ung Hoa Ho&agrave;n.</li>\r\n	<li>Hạ tầng: Ho&agrave;n thiện 100%, đường nội bộ 9 - 15m, điện &acirc;m, nước m&aacute;y, nước thủy cục, hệ thống nước mưa - nước thải ri&ecirc;ng biệt, hệ thống viễn th&ocirc;ng đầy đủ...</li>\r\n	<li>Tiện &iacute;ch nội khu: Trường mầm non, c&ocirc;ng vi&ecirc;n, khu thương mại, dịch vụ v&agrave; hồ cảnh quan...</li>\r\n</ul>', 25, 824711011, 'month', 0, 'pending', 0, 4, 439, 19, 1, '2019-05-02', '2019-06-07', '2019-05-09 00:33:58', '2019-05-14 20:38:15');
INSERT INTO "posts"("id", "title", "slug", "image", "purpose", "address", "latitude", "longitude", "description", "area", "price", "unit", "negotiable", "status", "views", "property_type_id", "district_id", "user_id", "type_id", "start_date", "end_date", "created_at", "updated_at") VALUES (66, 'Cho thuê Nhà ở tại Huyện Trùng Khánh / Cao Bằng', 'cho-thue-nha-o-tai-huyen-trung-khanh-cao-bang', 'call-to-action.jpg', 'rent', 'ĐT206, Cảnh Tiên, Trùng Khánh, Cao Bằng, Việt Nam', 22.815011, 106.503849, '<p><strong>Th&ocirc;ng tin dự &aacute;n:</strong></p>\r\n\r\n<ul>\r\n	<li>Vị tr&iacute;: Huyện Tr&ugrave;ng Kh&aacute;nh / Cao Bằng.</li>\r\n	<li>Quy m&ocirc; dự &aacute;n Cho thu&ecirc; Nh&agrave; ở tại Huyện Tr&ugrave;ng Kh&aacute;nh / Cao Bằng 65: 50 m2.</li>\r\n	<li>Chủ đầu tư v&agrave; ph&acirc;n phối: C&ocirc;. Ung Hoa Ho&agrave;n.</li>\r\n	<li>Hạ tầng: Ho&agrave;n thiện 100%, đường nội bộ 9 - 15m, điện &acirc;m, nước m&aacute;y, nước thủy cục, hệ thống nước mưa - nước thải ri&ecirc;ng biệt, hệ thống viễn th&ocirc;ng đầy đủ...</li>\r\n	<li>Tiện &iacute;ch nội khu: Trường mầm non, c&ocirc;ng vi&ecirc;n, khu thương mại, dịch vụ v&agrave; hồ cảnh quan...</li>\r\n</ul>', 50, 524378045, 'month', 0, 'pending', 0, 3, 137, 19, 3, '2019-05-08', '2019-05-25', '2019-05-09 00:33:58', '2019-05-14 20:38:45');
INSERT INTO "posts"("id", "title", "slug", "image", "purpose", "address", "latitude", "longitude", "description", "area", "price", "unit", "negotiable", "status", "views", "property_type_id", "district_id", "user_id", "type_id", "start_date", "end_date", "created_at", "updated_at") VALUES (67, 'Bán Văn phòng tại Huyện Xuân Trường / Nam Định', 'ban-van-phong-tai-huyen-xuan-truong-nam-dinh', 'call-to-action.jpg', 'sale', 'Đường Khu 6, Xuân Hồng, Xuân Trường, Nam Định, Việt Nam', 20.323457, 106.338311, '<p><strong>Th&ocirc;ng tin dự &aacute;n:</strong></p>\r\n\r\n<ul>\r\n	<li>Vị tr&iacute;: Huyện Xu&acirc;n Trường / Nam Định.</li>\r\n	<li>Quy m&ocirc; dự &aacute;n Bán Văn phòng tại Huyện Xu&acirc;n Trường / Nam Định 66: 9 m2.</li>\r\n	<li>Chủ đầu tư v&agrave; ph&acirc;n phối: C&ocirc;. Ung Hoa Ho&agrave;n.</li>\r\n	<li>Hạ tầng: Ho&agrave;n thiện 100%, đường nội bộ 9 - 15m, điện &acirc;m, nước m&aacute;y, nước thủy cục, hệ thống nước mưa - nước thải ri&ecirc;ng biệt, hệ thống viễn th&ocirc;ng đầy đủ...</li>\r\n	<li>Tiện &iacute;ch nội khu: Trường mầm non, c&ocirc;ng vi&ecirc;n, khu thương mại, dịch vụ v&agrave; hồ cảnh quan...</li>\r\n</ul>', 9, 374850571, 'm2', 1, 'published', 4, 4, 98, 19, 1, '2019-05-07', '2019-05-30', '2019-05-09 00:33:58', '2019-05-14 20:39:11');
INSERT INTO "posts"("id", "title", "slug", "image", "purpose", "address", "latitude", "longitude", "description", "area", "price", "unit", "negotiable", "status", "views", "property_type_id", "district_id", "user_id", "type_id", "start_date", "end_date", "created_at", "updated_at") VALUES (68, 'Bán Căn hộ tại Yên Mỹ/ Hưng Yên', 'ban-can-ho-tai-yen-my-hung-yen', 'call-to-action.jpg', 'sale', 'ĐCT04, Yên Mỹ, Hưng Yên, Việt Nam', 20.896729, 105.991125, '<p><strong>Th&ocirc;ng tin dự &aacute;n:</strong></p>\r\n\r\n<ul>\r\n	<li>Vị tr&iacute;: Y&ecirc;n Mỹ&nbsp;/ Hưng Y&ecirc;n.</li>\r\n	<li>Quy m&ocirc; dự &aacute;n Bán Căn hộ tại Huyện Mỹ Văn / Hưng Y&ecirc;n 67: 31 m2.</li>\r\n	<li>Chủ đầu tư v&agrave; ph&acirc;n phối: C&ocirc;. Ung Hoa Ho&agrave;n.</li>\r\n	<li>Hạ tầng: Ho&agrave;n thiện 100%, đường nội bộ 9 - 15m, điện &acirc;m, nước m&aacute;y, nước thủy cục, hệ thống nước mưa - nước thải ri&ecirc;ng biệt, hệ thống viễn th&ocirc;ng đầy đủ...</li>\r\n	<li>Tiện &iacute;ch nội khu: Trường mầm non, c&ocirc;ng vi&ecirc;n, khu thương mại, dịch vụ v&agrave; hồ cảnh quan...</li>\r\n</ul>', 31, 878187347, 'm2', 0, 'published', 4, 2, 77, 19, 2, '2019-05-06', '2019-05-18', '2019-05-09 00:33:58', '2019-05-14 20:41:01');
INSERT INTO "posts"("id", "title", "slug", "image", "purpose", "address", "latitude", "longitude", "description", "area", "price", "unit", "negotiable", "status", "views", "property_type_id", "district_id", "user_id", "type_id", "start_date", "end_date", "created_at", "updated_at") VALUES (69, 'Bán Nhà trọ tại Huyện Củ Chi / Hồ Chí Minh', 'ban-nha-tro-tai-huyen-cu-chi-ho-chi-minh', 'themeqx-cover.jpeg', 'sale', '453 AH1, Tân Thông Hội, Củ Chi, Hồ Chí Minh, Việt Nam', 10.959892, 106.499735, '<p><strong>Th&ocirc;ng tin dự &aacute;n:</strong></p>\r\n\r\n<ul>\r\n	<li>Vị tr&iacute;: Huyện Củ Chi / Hồ Ch&iacute; Minh.</li>\r\n	<li>Quy m&ocirc; dự &aacute;n Bán Nh&agrave; trọ tại Huyện Củ Chi / Hồ Ch&iacute; Minh 68: 33 m2.</li>\r\n	<li>Chủ đầu tư v&agrave; ph&acirc;n phối: C&ocirc;. Ung Hoa Ho&agrave;n.</li>\r\n	<li>Hạ tầng: Ho&agrave;n thiện 100%, đường nội bộ 9 - 15m, điện &acirc;m, nước m&aacute;y, nước thủy cục, hệ thống nước mưa - nước thải ri&ecirc;ng biệt, hệ thống viễn th&ocirc;ng đầy đủ...</li>\r\n	<li>Tiện &iacute;ch nội khu: Trường mầm non, c&ocirc;ng vi&ecirc;n, khu thương mại, dịch vụ v&agrave; hồ cảnh quan...</li>\r\n</ul>', 33, 492380300, 'm2', 0, 'pending', 0, 5, 483, 19, 1, '2019-05-08', '2019-05-30', '2019-05-09 00:33:58', '2019-05-14 20:41:22');
INSERT INTO "posts"("id", "title", "slug", "image", "purpose", "address", "latitude", "longitude", "description", "area", "price", "unit", "negotiable", "status", "views", "property_type_id", "district_id", "user_id", "type_id", "start_date", "end_date", "created_at", "updated_at") VALUES (70, 'Bán Biệt thự tại Huyện Tân Phú / Đồng Nai', 'ban-biet-thu-tai-huyen-tan-phu-dong-nai', 'themeqx-cover.jpeg', 'sale', 'Phú Lập - Nam Cát Tiên, Tân Phú, Đồng Nai, Việt Nam', 11.382002, 107.408243, '<p><strong>Th&ocirc;ng tin dự &aacute;n:</strong></p>\r\n\r\n<ul>\r\n	<li>Vị tr&iacute;: Huyện T&acirc;n Ph&uacute; / Đồng Nai.</li>\r\n	<li>Quy m&ocirc; dự &aacute;n Bán Bi&ecirc;̣t thự tại Huyện T&acirc;n Ph&uacute; / Đồng Nai 69: 94 m2.</li>\r\n	<li>Chủ đầu tư v&agrave; ph&acirc;n phối: B&agrave;nh Quế.</li>\r\n	<li>Hạ tầng: Ho&agrave;n thiện 100%, đường nội bộ 9 - 15m, điện &acirc;m, nước m&aacute;y, nước thủy cục, hệ thống nước mưa - nước thải ri&ecirc;ng biệt, hệ thống viễn th&ocirc;ng đầy đủ...</li>\r\n	<li>Tiện &iacute;ch nội khu: Trường mầm non, c&ocirc;ng vi&ecirc;n, khu thương mại, dịch vụ v&agrave; hồ cảnh quan...</li>\r\n</ul>', 94, 680306877, 'm2', 0, 'pending', 0, 1, 528, 20, 3, '2019-05-06', '2019-05-24', '2019-05-09 00:34:00', '2019-05-14 20:41:46');
INSERT INTO "posts"("id", "title", "slug", "image", "purpose", "address", "latitude", "longitude", "description", "area", "price", "unit", "negotiable", "status", "views", "property_type_id", "district_id", "user_id", "type_id", "start_date", "end_date", "created_at", "updated_at") VALUES (71, 'Bất động sản tại Sơn Trà / Đà Nẵng', 'bat-dong-san-tai-son-tra-da-nang', '42051557843060.jpg', 'rent', 'Hòa Thuận Tây, Hải Châu, Đà Nẵng, Việt Nam', 16.057783, 108.197211, '<p><strong>Th&ocirc;ng tin dự &aacute;n:</strong></p>\r\n\r\n<ul>\r\n	<li>Vị tr&iacute;: &nbsp;&Ocirc; M&ocirc;n / Cần Thơ.</li>\r\n	<li>Quy m&ocirc; dự &aacute;n Cho thu&ecirc; Nh&agrave; ở tại Huyện Long Mỹ / Cần Thơ 50: 92 m2.</li>\r\n	<li>Chủ đầu tư v&agrave; ph&acirc;n phối: V&otilde; Trung.</li>\r\n	<li>Hạ tầng: Ho&agrave;n thiện 100%, đường nội bộ 9 - 15m, điện &acirc;m, nước m&aacute;y, nước thủy cục, hệ thống nước mưa - nước thải ri&ecirc;ng biệt, hệ thống viễn th&ocirc;ng đầy đủ...</li>\r\n	<li>Tiện &iacute;ch nội khu: Trường mầm non, c&ocirc;ng vi&ecirc;n, khu thương mại, dịch vụ v&agrave; hồ cảnh quan...</li>\r\n</ul>', 123123, 1231231231, 'year', 1, 'pending', 0, 3, 362, 22, 3, '2019-05-15', '2019-06-01', '2019-05-14 21:11:00', '2019-05-14 21:11:00');
INSERT INTO "posts"("id", "title", "slug", "image", "purpose", "address", "latitude", "longitude", "description", "area", "price", "unit", "negotiable", "status", "views", "property_type_id", "district_id", "user_id", "type_id", "start_date", "end_date", "created_at", "updated_at") VALUES (72, 'Bất động sản tại Đà Nẵng', 'bat-dong-san-tai-da-nang', '33891557843431.jpeg', 'sale', '33 Dương Đặng Thai Mai, Thạc Gián, Thanh Khê, Đà Nẵng 550000, Vietnam', 16.060567, 108.210636, '<p><strong>Th&ocirc;ng tin dự &aacute;n:</strong></p>\r\n\r\n<ul>\r\n	<li>Vị tr&iacute;: &nbsp;&Ocirc; M&ocirc;n / Cần Thơ.</li>\r\n	<li>Quy m&ocirc; dự &aacute;n Cho thu&ecirc; Nh&agrave; ở tại Huyện Long Mỹ / Cần Thơ 50: 92 m2.</li>\r\n	<li>Chủ đầu tư v&agrave; ph&acirc;n phối: V&otilde; Trung.</li>\r\n	<li>Hạ tầng: Ho&agrave;n thiện 100%, đường nội bộ 9 - 15m, điện &acirc;m, nước m&aacute;y, nước thủy cục, hệ thống nước mưa - nước thải ri&ecirc;ng biệt, hệ thống viễn th&ocirc;ng đầy đủ...</li>\r\n	<li>Tiện &iacute;ch nội khu: Trường mầm non, c&ocirc;ng vi&ecirc;n, khu thương mại, dịch vụ v&agrave; hồ cảnh quan...</li>\r\n</ul>', 123123, 1231231231, 'total_area', 1, 'pending', 0, 5, 361, 22, 3, '2019-05-15', '2019-06-01', '2019-05-14 21:17:11', '2019-05-14 21:17:11');

INSERT INTO "property_images"("id", "path", "post_id", "created_at", "updated_at") VALUES (1, '36421557420114.PNG', 1, '2019-05-09 23:41:54', '2019-05-09 23:41:54');

INSERT INTO "property_details"("id", "floor", "bath", "balcony", "toilet", "bed_room", "dinning_room", "living_room", "post_id", "created_at", "updated_at") VALUES (1, 1, 3, 4, 5, 2, true, false, 1, '2019-05-09 00:33:34', '2019-05-14 17:02:07');
INSERT INTO "property_details"("id", "floor", "bath", "balcony", "toilet", "bed_room", "dinning_room", "living_room", "post_id", "created_at", "updated_at") VALUES (2, 2, 3, 2, 1, 8, true, false, 2, '2019-05-09 00:33:34', '2019-05-13 23:07:06');
INSERT INTO "property_details"("id", "floor", "bath", "balcony", "toilet", "bed_room", "dinning_room", "living_room", "post_id", "created_at", "updated_at") VALUES (3, 4, 2, 5, 1, 10, true, false, 3, '2019-05-09 00:33:34', '2019-05-13 14:45:26');
INSERT INTO "property_details"("id", "floor", "bath", "balcony", "toilet", "bed_room", "dinning_room", "living_room", "post_id", "created_at", "updated_at") VALUES (4, 1, 6, 10, 2, 5, true, false, 4, '2019-05-09 00:33:35', '2019-05-13 14:46:39');
INSERT INTO "property_details"("id", "floor", "bath", "balcony", "toilet", "bed_room", "dinning_room", "living_room", "post_id", "created_at", "updated_at") VALUES (5, 6, 7, 8, 7, 8, true, true, 5, '2019-05-09 00:33:35', '2019-05-13 14:48:10');
INSERT INTO "property_details"("id", "floor", "bath", "balcony", "toilet", "bed_room", "dinning_room", "living_room", "post_id", "created_at", "updated_at") VALUES (6, 4, 7, 7, 9, 8, true, true, 6, '2019-05-09 00:33:35', '2019-05-13 14:55:06');
INSERT INTO "property_details"("id", "floor", "bath", "balcony", "toilet", "bed_room", "dinning_room", "living_room", "post_id", "created_at", "updated_at") VALUES (7, 8, 9, 4, 7, 7, true, false, 7, '2019-05-09 00:33:36', '2019-05-14 19:25:05');
INSERT INTO "property_details"("id", "floor", "bath", "balcony", "toilet", "bed_room", "dinning_room", "living_room", "post_id", "created_at", "updated_at") VALUES (8, 1, 10, 3, 3, 1, true, false, 8, '2019-05-09 00:33:36', '2019-05-13 14:57:53');
INSERT INTO "property_details"("id", "floor", "bath", "balcony", "toilet", "bed_room", "dinning_room", "living_room", "post_id", "created_at", "updated_at") VALUES (9, 4, 7, 2, 8, 2, true, false, 9, '2019-05-09 00:33:37', '2019-05-14 19:25:27');
INSERT INTO "property_details"("id", "floor", "bath", "balcony", "toilet", "bed_room", "dinning_room", "living_room", "post_id", "created_at", "updated_at") VALUES (10, 4, 7, 10, 1, 1, true, false, 10, '2019-05-09 00:33:37', '2019-05-14 19:26:02');
INSERT INTO "property_details"("id", "floor", "bath", "balcony", "toilet", "bed_room", "dinning_room", "living_room", "post_id", "created_at", "updated_at") VALUES (11, 9, 5, 2, 5, 8, true, false, 11, '2019-05-09 00:33:37', '2019-05-14 19:26:29');
INSERT INTO "property_details"("id", "floor", "bath", "balcony", "toilet", "bed_room", "dinning_room", "living_room", "post_id", "created_at", "updated_at") VALUES (12, 9, 2, 1, 3, 4, true, false, 12, '2019-05-09 00:33:37', '2019-05-14 19:27:30');
INSERT INTO "property_details"("id", "floor", "bath", "balcony", "toilet", "bed_room", "dinning_room", "living_room", "post_id", "created_at", "updated_at") VALUES (13, 7, 1, 2, 5, 9, true, false, 13, '2019-05-09 00:33:37', '2019-05-14 19:28:12');
INSERT INTO "property_details"("id", "floor", "bath", "balcony", "toilet", "bed_room", "dinning_room", "living_room", "post_id", "created_at", "updated_at") VALUES (14, 4, 8, 3, 6, 6, true, false, 14, '2019-05-09 00:33:39', '2019-05-14 19:29:14');
INSERT INTO "property_details"("id", "floor", "bath", "balcony", "toilet", "bed_room", "dinning_room", "living_room", "post_id", "created_at", "updated_at") VALUES (15, 7, 1, 4, 10, 8, true, false, 15, '2019-05-09 00:33:39', '2019-05-14 19:31:01');
INSERT INTO "property_details"("id", "floor", "bath", "balcony", "toilet", "bed_room", "dinning_room", "living_room", "post_id", "created_at", "updated_at") VALUES (16, 5, 3, 3, 3, 8, true, false, 16, '2019-05-09 00:33:39', '2019-05-14 19:31:26');
INSERT INTO "property_details"("id", "floor", "bath", "balcony", "toilet", "bed_room", "dinning_room", "living_room", "post_id", "created_at", "updated_at") VALUES (17, 3, 6, 6, 3, 1, true, false, 17, '2019-05-09 00:33:39', '2019-05-14 19:32:29');
INSERT INTO "property_details"("id", "floor", "bath", "balcony", "toilet", "bed_room", "dinning_room", "living_room", "post_id", "created_at", "updated_at") VALUES (18, 1, 10, 10, 10, 1, true, false, 18, '2019-05-09 00:33:39', '2019-05-14 19:33:16');
INSERT INTO "property_details"("id", "floor", "bath", "balcony", "toilet", "bed_room", "dinning_room", "living_room", "post_id", "created_at", "updated_at") VALUES (19, 3, 2, 3, 4, 10, true, false, 19, '2019-05-09 00:33:40', '2019-05-14 19:33:42');
INSERT INTO "property_details"("id", "floor", "bath", "balcony", "toilet", "bed_room", "dinning_room", "living_room", "post_id", "created_at", "updated_at") VALUES (20, 1, 6, 9, 9, 5, true, false, 20, '2019-05-09 00:33:40', '2019-05-14 19:38:03');
INSERT INTO "property_details"("id", "floor", "bath", "balcony", "toilet", "bed_room", "dinning_room", "living_room", "post_id", "created_at", "updated_at") VALUES (21, 4, 3, 4, 10, 5, true, false, 21, '2019-05-09 00:33:40', '2019-05-14 19:38:55');
INSERT INTO "property_details"("id", "floor", "bath", "balcony", "toilet", "bed_room", "dinning_room", "living_room", "post_id", "created_at", "updated_at") VALUES (22, 7, 1, 8, 10, 8, true, false, 22, '2019-05-09 00:33:42', '2019-05-14 19:40:08');
INSERT INTO "property_details"("id", "floor", "bath", "balcony", "toilet", "bed_room", "dinning_room", "living_room", "post_id", "created_at", "updated_at") VALUES (23, 6, 1, 10, 9, 10, true, false, 23, '2019-05-09 00:33:42', '2019-05-14 19:43:58');
INSERT INTO "property_details"("id", "floor", "bath", "balcony", "toilet", "bed_room", "dinning_room", "living_room", "post_id", "created_at", "updated_at") VALUES (24, 5, 10, 6, 7, 10, true, false, 24, '2019-05-09 00:33:42', '2019-05-14 19:44:36');
INSERT INTO "property_details"("id", "floor", "bath", "balcony", "toilet", "bed_room", "dinning_room", "living_room", "post_id", "created_at", "updated_at") VALUES (25, 7, 9, 3, 8, 4, false, true, 25, '2019-05-09 00:33:42', '2019-05-14 19:45:51');
INSERT INTO "property_details"("id", "floor", "bath", "balcony", "toilet", "bed_room", "dinning_room", "living_room", "post_id", "created_at", "updated_at") VALUES (26, 6, 9, 2, 5, 4, false, true, 26, '2019-05-09 00:33:42', '2019-05-14 19:46:20');
INSERT INTO "property_details"("id", "floor", "bath", "balcony", "toilet", "bed_room", "dinning_room", "living_room", "post_id", "created_at", "updated_at") VALUES (27, 9, 8, 1, 9, 3, false, true, 27, '2019-05-09 00:33:43', '2019-05-14 19:46:52');
INSERT INTO "property_details"("id", "floor", "bath", "balcony", "toilet", "bed_room", "dinning_room", "living_room", "post_id", "created_at", "updated_at") VALUES (28, 8, 9, 8, 4, 2, false, true, 28, '2019-05-09 00:33:43', '2019-05-14 19:48:26');
INSERT INTO "property_details"("id", "floor", "bath", "balcony", "toilet", "bed_room", "dinning_room", "living_room", "post_id", "created_at", "updated_at") VALUES (29, 1, 4, 4, 4, 8, false, true, 29, '2019-05-09 00:33:43', '2019-05-14 19:49:04');
INSERT INTO "property_details"("id", "floor", "bath", "balcony", "toilet", "bed_room", "dinning_room", "living_room", "post_id", "created_at", "updated_at") VALUES (30, 2, 1, 7, 1, 7, false, true, 30, '2019-05-09 00:33:44', '2019-05-14 19:50:44');
INSERT INTO "property_details"("id", "floor", "bath", "balcony", "toilet", "bed_room", "dinning_room", "living_room", "post_id", "created_at", "updated_at") VALUES (31, 7, 4, 1, 2, 5, false, true, 31, '2019-05-09 00:33:44', '2019-05-14 19:52:55');
INSERT INTO "property_details"("id", "floor", "bath", "balcony", "toilet", "bed_room", "dinning_room", "living_room", "post_id", "created_at", "updated_at") VALUES (32, 4, 8, 9, 3, 10, false, true, 32, '2019-05-09 00:33:44', '2019-05-14 20:15:17');
INSERT INTO "property_details"("id", "floor", "bath", "balcony", "toilet", "bed_room", "dinning_room", "living_room", "post_id", "created_at", "updated_at") VALUES (33, 3, 8, 7, 9, 1, false, true, 33, '2019-05-09 00:33:44', '2019-05-14 20:16:09');
INSERT INTO "property_details"("id", "floor", "bath", "balcony", "toilet", "bed_room", "dinning_room", "living_room", "post_id", "created_at", "updated_at") VALUES (34, 7, 10, 6, 3, 1, false, true, 34, '2019-05-09 00:33:45', '2019-05-14 20:16:36');
INSERT INTO "property_details"("id", "floor", "bath", "balcony", "toilet", "bed_room", "dinning_room", "living_room", "post_id", "created_at", "updated_at") VALUES (35, 10, 7, 7, 5, 1, false, true, 35, '2019-05-09 00:33:45', '2019-05-14 20:17:05');
INSERT INTO "property_details"("id", "floor", "bath", "balcony", "toilet", "bed_room", "dinning_room", "living_room", "post_id", "created_at", "updated_at") VALUES (36, 8, 1, 5, 8, 9, false, true, 36, '2019-05-09 00:33:46', '2019-05-14 20:17:35');
INSERT INTO "property_details"("id", "floor", "bath", "balcony", "toilet", "bed_room", "dinning_room", "living_room", "post_id", "created_at", "updated_at") VALUES (37, 10, 8, 4, 9, 2, false, true, 37, '2019-05-09 00:33:46', '2019-05-14 20:18:23');
INSERT INTO "property_details"("id", "floor", "bath", "balcony", "toilet", "bed_room", "dinning_room", "living_room", "post_id", "created_at", "updated_at") VALUES (38, 7, 7, 3, 7, 3, false, true, 38, '2019-05-09 00:33:47', '2019-05-14 20:18:57');
INSERT INTO "property_details"("id", "floor", "bath", "balcony", "toilet", "bed_room", "dinning_room", "living_room", "post_id", "created_at", "updated_at") VALUES (39, 8, 9, 1, 5, 6, false, true, 39, '2019-05-09 00:33:47', '2019-05-14 20:20:45');
INSERT INTO "property_details"("id", "floor", "bath", "balcony", "toilet", "bed_room", "dinning_room", "living_room", "post_id", "created_at", "updated_at") VALUES (40, 1, 6, 2, 9, 2, false, true, 40, '2019-05-09 00:33:47', '2019-05-14 20:21:23');
INSERT INTO "property_details"("id", "floor", "bath", "balcony", "toilet", "bed_room", "dinning_room", "living_room", "post_id", "created_at", "updated_at") VALUES (41, 10, 7, 6, 2, 4, false, true, 41, '2019-05-09 00:33:47', '2019-05-14 20:21:47');
INSERT INTO "property_details"("id", "floor", "bath", "balcony", "toilet", "bed_room", "dinning_room", "living_room", "post_id", "created_at", "updated_at") VALUES (42, 3, 6, 10, 7, 10, false, true, 42, '2019-05-09 00:33:47', '2019-05-14 20:24:06');
INSERT INTO "property_details"("id", "floor", "bath", "balcony", "toilet", "bed_room", "dinning_room", "living_room", "post_id", "created_at", "updated_at") VALUES (43, 9, 10, 8, 4, 2, false, true, 43, '2019-05-09 00:33:48', '2019-05-14 20:25:58');
INSERT INTO "property_details"("id", "floor", "bath", "balcony", "toilet", "bed_room", "dinning_room", "living_room", "post_id", "created_at", "updated_at") VALUES (44, 10, 10, 4, 5, 4, false, true, 44, '2019-05-09 00:33:48', '2019-05-14 20:26:23');
INSERT INTO "property_details"("id", "floor", "bath", "balcony", "toilet", "bed_room", "dinning_room", "living_room", "post_id", "created_at", "updated_at") VALUES (45, 6, 7, 8, 1, 6, false, true, 45, '2019-05-09 00:33:50', '2019-05-14 20:26:55');
INSERT INTO "property_details"("id", "floor", "bath", "balcony", "toilet", "bed_room", "dinning_room", "living_room", "post_id", "created_at", "updated_at") VALUES (46, 6, 4, 8, 7, 8, false, true, 46, '2019-05-09 00:33:50', '2019-05-14 20:27:17');
INSERT INTO "property_details"("id", "floor", "bath", "balcony", "toilet", "bed_room", "dinning_room", "living_room", "post_id", "created_at", "updated_at") VALUES (47, 6, 5, 3, 9, 5, false, true, 47, '2019-05-09 00:33:50', '2019-05-14 20:27:53');
INSERT INTO "property_details"("id", "floor", "bath", "balcony", "toilet", "bed_room", "dinning_room", "living_room", "post_id", "created_at", "updated_at") VALUES (48, 2, 8, 2, 5, 9, false, true, 48, '2019-05-09 00:33:50', '2019-05-14 20:28:35');
INSERT INTO "property_details"("id", "floor", "bath", "balcony", "toilet", "bed_room", "dinning_room", "living_room", "post_id", "created_at", "updated_at") VALUES (49, 4, 6, 8, 7, 7, false, true, 49, '2019-05-09 00:33:50', '2019-05-14 20:29:03');
INSERT INTO "property_details"("id", "floor", "bath", "balcony", "toilet", "bed_room", "dinning_room", "living_room", "post_id", "created_at", "updated_at") VALUES (50, 7, 4, 1, 5, 5, false, true, 50, '2019-05-09 00:33:51', '2019-05-14 20:29:34');
INSERT INTO "property_details"("id", "floor", "bath", "balcony", "toilet", "bed_room", "dinning_room", "living_room", "post_id", "created_at", "updated_at") VALUES (51, 4, 2, 4, 9, 8, false, true, 51, '2019-05-09 00:33:51', '2019-05-14 20:30:47');
INSERT INTO "property_details"("id", "floor", "bath", "balcony", "toilet", "bed_room", "dinning_room", "living_room", "post_id", "created_at", "updated_at") VALUES (52, 4, 5, 7, 6, 8, false, true, 52, '2019-05-09 00:33:52', '2019-05-14 20:31:16');
INSERT INTO "property_details"("id", "floor", "bath", "balcony", "toilet", "bed_room", "dinning_room", "living_room", "post_id", "created_at", "updated_at") VALUES (53, 7, 8, 9, 2, 7, false, true, 53, '2019-05-09 00:33:53', '2019-05-14 20:33:00');
INSERT INTO "property_details"("id", "floor", "bath", "balcony", "toilet", "bed_room", "dinning_room", "living_room", "post_id", "created_at", "updated_at") VALUES (54, 7, 7, 1, 8, 4, false, true, 54, '2019-05-09 00:33:53', '2019-05-14 20:33:35');
INSERT INTO "property_details"("id", "floor", "bath", "balcony", "toilet", "bed_room", "dinning_room", "living_room", "post_id", "created_at", "updated_at") VALUES (55, 4, 8, 4, 1, 4, false, true, 55, '2019-05-09 00:33:53', '2019-05-14 20:33:53');
INSERT INTO "property_details"("id", "floor", "bath", "balcony", "toilet", "bed_room", "dinning_room", "living_room", "post_id", "created_at", "updated_at") VALUES (56, 10, 10, 1, 5, 1, false, true, 56, '2019-05-09 00:33:55', '2019-05-14 20:34:10');
INSERT INTO "property_details"("id", "floor", "bath", "balcony", "toilet", "bed_room", "dinning_room", "living_room", "post_id", "created_at", "updated_at") VALUES (57, 8, 1, 2, 7, 10, false, true, 57, '2019-05-09 00:33:55', '2019-05-14 20:34:28');
INSERT INTO "property_details"("id", "floor", "bath", "balcony", "toilet", "bed_room", "dinning_room", "living_room", "post_id", "created_at", "updated_at") VALUES (58, 6, 7, 10, 1, 3, false, true, 58, '2019-05-09 00:33:55', '2019-05-14 20:34:59');
INSERT INTO "property_details"("id", "floor", "bath", "balcony", "toilet", "bed_room", "dinning_room", "living_room", "post_id", "created_at", "updated_at") VALUES (59, 6, 4, 10, 6, 7, false, true, 59, '2019-05-09 00:33:55', '2019-05-14 20:35:46');
INSERT INTO "property_details"("id", "floor", "bath", "balcony", "toilet", "bed_room", "dinning_room", "living_room", "post_id", "created_at", "updated_at") VALUES (60, 10, 8, 5, 9, 1, false, true, 60, '2019-05-09 00:33:56', '2019-05-14 20:36:06');
INSERT INTO "property_details"("id", "floor", "bath", "balcony", "toilet", "bed_room", "dinning_room", "living_room", "post_id", "created_at", "updated_at") VALUES (61, 7, 1, 3, 10, 7, false, true, 61, '2019-05-09 00:33:57', '2019-05-14 20:36:34');
INSERT INTO "property_details"("id", "floor", "bath", "balcony", "toilet", "bed_room", "dinning_room", "living_room", "post_id", "created_at", "updated_at") VALUES (62, 8, 8, 9, 1, 3, false, true, 62, '2019-05-09 00:33:57', '2019-05-14 20:36:58');
INSERT INTO "property_details"("id", "floor", "bath", "balcony", "toilet", "bed_room", "dinning_room", "living_room", "post_id", "created_at", "updated_at") VALUES (63, 2, 5, 3, 5, 1, false, true, 63, '2019-05-09 00:33:57', '2019-05-14 20:37:33');
INSERT INTO "property_details"("id", "floor", "bath", "balcony", "toilet", "bed_room", "dinning_room", "living_room", "post_id", "created_at", "updated_at") VALUES (64, 10, 6, 10, 9, 8, false, true, 64, '2019-05-09 00:33:58', '2019-05-14 20:37:54');
INSERT INTO "property_details"("id", "floor", "bath", "balcony", "toilet", "bed_room", "dinning_room", "living_room", "post_id", "created_at", "updated_at") VALUES (65, 6, 3, 7, 1, 10, false, true, 65, '2019-05-09 00:33:59', '2019-05-14 20:38:15');
INSERT INTO "property_details"("id", "floor", "bath", "balcony", "toilet", "bed_room", "dinning_room", "living_room", "post_id", "created_at", "updated_at") VALUES (66, 2, 4, 5, 1, 8, false, true, 66, '2019-05-09 00:33:59', '2019-05-14 20:38:46');
INSERT INTO "property_details"("id", "floor", "bath", "balcony", "toilet", "bed_room", "dinning_room", "living_room", "post_id", "created_at", "updated_at") VALUES (67, 2, 2, 9, 2, 6, false, true, 67, '2019-05-09 00:33:59', '2019-05-14 20:39:11');
INSERT INTO "property_details"("id", "floor", "bath", "balcony", "toilet", "bed_room", "dinning_room", "living_room", "post_id", "created_at", "updated_at") VALUES (68, 2, 10, 6, 8, 7, false, true, 68, '2019-05-09 00:34:00', '2019-05-14 20:41:02');
INSERT INTO "property_details"("id", "floor", "bath", "balcony", "toilet", "bed_room", "dinning_room", "living_room", "post_id", "created_at", "updated_at") VALUES (69, 3, 7, 7, 1, 6, false, true, 69, '2019-05-09 00:34:00', '2019-05-14 20:41:22');
INSERT INTO "property_details"("id", "floor", "bath", "balcony", "toilet", "bed_room", "dinning_room", "living_room", "post_id", "created_at", "updated_at") VALUES (70, 1, 4, 7, 6, 9, false, true, 70, '2019-05-09 00:34:00', '2019-05-14 20:41:46');
INSERT INTO "property_details"("id", "floor", "bath", "balcony", "toilet", "bed_room", "dinning_room", "living_room", "post_id", "created_at", "updated_at") VALUES (71, 1, 3, 4, 5, 2, false, true, 71, '2019-05-14 21:11:00', '2019-05-14 21:11:00');
INSERT INTO "property_details"("id", "floor", "bath", "balcony", "toilet", "bed_room", "dinning_room", "living_room", "post_id", "created_at", "updated_at") VALUES (72, 1, 4, 5, 6, 2, false, true, 72, '2019-05-14 21:17:11', '2019-05-14 21:17:11');

INSERT INTO "post_distances"("post_id", "distance_id", "meters") VALUES (1, 1, NULL);
INSERT INTO "post_distances"("post_id", "distance_id", "meters") VALUES (1, 2, NULL);
INSERT INTO "post_distances"("post_id", "distance_id", "meters") VALUES (1, 3, 60);
INSERT INTO "post_distances"("post_id", "distance_id", "meters") VALUES (1, 4, 60);
INSERT INTO "post_distances"("post_id", "distance_id", "meters") VALUES (1, 5, NULL);
INSERT INTO "post_distances"("post_id", "distance_id", "meters") VALUES (1, 6, NULL);
INSERT INTO "post_distances"("post_id", "distance_id", "meters") VALUES (1, 7, NULL);
INSERT INTO "post_distances"("post_id", "distance_id", "meters") VALUES (2, 1, 70);
INSERT INTO "post_distances"("post_id", "distance_id", "meters") VALUES (2, 2, NULL);
INSERT INTO "post_distances"("post_id", "distance_id", "meters") VALUES (2, 3, NULL);
INSERT INTO "post_distances"("post_id", "distance_id", "meters") VALUES (2, 4, NULL);
INSERT INTO "post_distances"("post_id", "distance_id", "meters") VALUES (2, 5, 70);
INSERT INTO "post_distances"("post_id", "distance_id", "meters") VALUES (2, 6, 70);
INSERT INTO "post_distances"("post_id", "distance_id", "meters") VALUES (2, 7, 70);
INSERT INTO "post_distances"("post_id", "distance_id", "meters") VALUES (3, 1, NULL);
INSERT INTO "post_distances"("post_id", "distance_id", "meters") VALUES (3, 2, 52);
INSERT INTO "post_distances"("post_id", "distance_id", "meters") VALUES (3, 3, 52);
INSERT INTO "post_distances"("post_id", "distance_id", "meters") VALUES (3, 4, NULL);
INSERT INTO "post_distances"("post_id", "distance_id", "meters") VALUES (3, 5, 52);
INSERT INTO "post_distances"("post_id", "distance_id", "meters") VALUES (3, 6, 52);
INSERT INTO "post_distances"("post_id", "distance_id", "meters") VALUES (3, 7, 52);
INSERT INTO "post_distances"("post_id", "distance_id", "meters") VALUES (4, 1, 41);
INSERT INTO "post_distances"("post_id", "distance_id", "meters") VALUES (4, 2, NULL);
INSERT INTO "post_distances"("post_id", "distance_id", "meters") VALUES (4, 3, 41);
INSERT INTO "post_distances"("post_id", "distance_id", "meters") VALUES (4, 4, 41);
INSERT INTO "post_distances"("post_id", "distance_id", "meters") VALUES (4, 5, NULL);
INSERT INTO "post_distances"("post_id", "distance_id", "meters") VALUES (4, 6, NULL);
INSERT INTO "post_distances"("post_id", "distance_id", "meters") VALUES (4, 7, 41);
INSERT INTO "post_distances"("post_id", "distance_id", "meters") VALUES (5, 1, 66);
INSERT INTO "post_distances"("post_id", "distance_id", "meters") VALUES (5, 2, 66);
INSERT INTO "post_distances"("post_id", "distance_id", "meters") VALUES (5, 3, 66);
INSERT INTO "post_distances"("post_id", "distance_id", "meters") VALUES (5, 4, 66);
INSERT INTO "post_distances"("post_id", "distance_id", "meters") VALUES (5, 5, 66);
INSERT INTO "post_distances"("post_id", "distance_id", "meters") VALUES (5, 6, 66);
INSERT INTO "post_distances"("post_id", "distance_id", "meters") VALUES (5, 7, 66);
INSERT INTO "post_distances"("post_id", "distance_id", "meters") VALUES (6, 1, NULL);
INSERT INTO "post_distances"("post_id", "distance_id", "meters") VALUES (6, 2, NULL);
INSERT INTO "post_distances"("post_id", "distance_id", "meters") VALUES (6, 3, NULL);
INSERT INTO "post_distances"("post_id", "distance_id", "meters") VALUES (6, 4, NULL);
INSERT INTO "post_distances"("post_id", "distance_id", "meters") VALUES (6, 5, 75);
INSERT INTO "post_distances"("post_id", "distance_id", "meters") VALUES (6, 6, 75);
INSERT INTO "post_distances"("post_id", "distance_id", "meters") VALUES (6, 7, NULL);
INSERT INTO "post_distances"("post_id", "distance_id", "meters") VALUES (7, 1, NULL);
INSERT INTO "post_distances"("post_id", "distance_id", "meters") VALUES (7, 2, NULL);
INSERT INTO "post_distances"("post_id", "distance_id", "meters") VALUES (7, 3, 56);
INSERT INTO "post_distances"("post_id", "distance_id", "meters") VALUES (7, 4, NULL);
INSERT INTO "post_distances"("post_id", "distance_id", "meters") VALUES (7, 5, 56);
INSERT INTO "post_distances"("post_id", "distance_id", "meters") VALUES (7, 6, 56);
INSERT INTO "post_distances"("post_id", "distance_id", "meters") VALUES (7, 7, NULL);
INSERT INTO "post_distances"("post_id", "distance_id", "meters") VALUES (8, 1, 11);
INSERT INTO "post_distances"("post_id", "distance_id", "meters") VALUES (8, 2, NULL);
INSERT INTO "post_distances"("post_id", "distance_id", "meters") VALUES (8, 3, NULL);
INSERT INTO "post_distances"("post_id", "distance_id", "meters") VALUES (8, 4, 55);
INSERT INTO "post_distances"("post_id", "distance_id", "meters") VALUES (8, 5, NULL);
INSERT INTO "post_distances"("post_id", "distance_id", "meters") VALUES (8, 6, 44);
INSERT INTO "post_distances"("post_id", "distance_id", "meters") VALUES (8, 7, NULL);
INSERT INTO "post_distances"("post_id", "distance_id", "meters") VALUES (9, 1, 59);
INSERT INTO "post_distances"("post_id", "distance_id", "meters") VALUES (9, 2, NULL);
INSERT INTO "post_distances"("post_id", "distance_id", "meters") VALUES (9, 3, 59);
INSERT INTO "post_distances"("post_id", "distance_id", "meters") VALUES (9, 4, 59);
INSERT INTO "post_distances"("post_id", "distance_id", "meters") VALUES (9, 5, 59);
INSERT INTO "post_distances"("post_id", "distance_id", "meters") VALUES (9, 6, 59);
INSERT INTO "post_distances"("post_id", "distance_id", "meters") VALUES (9, 7, NULL);
INSERT INTO "post_distances"("post_id", "distance_id", "meters") VALUES (10, 1, 51);
INSERT INTO "post_distances"("post_id", "distance_id", "meters") VALUES (10, 2, 51);
INSERT INTO "post_distances"("post_id", "distance_id", "meters") VALUES (10, 3, NULL);
INSERT INTO "post_distances"("post_id", "distance_id", "meters") VALUES (10, 4, 51);
INSERT INTO "post_distances"("post_id", "distance_id", "meters") VALUES (10, 5, 51);
INSERT INTO "post_distances"("post_id", "distance_id", "meters") VALUES (10, 6, NULL);
INSERT INTO "post_distances"("post_id", "distance_id", "meters") VALUES (10, 7, 51);
INSERT INTO "post_distances"("post_id", "distance_id", "meters") VALUES (11, 1, NULL);
INSERT INTO "post_distances"("post_id", "distance_id", "meters") VALUES (11, 2, 66);
INSERT INTO "post_distances"("post_id", "distance_id", "meters") VALUES (11, 3, NULL);
INSERT INTO "post_distances"("post_id", "distance_id", "meters") VALUES (11, 4, NULL);
INSERT INTO "post_distances"("post_id", "distance_id", "meters") VALUES (11, 5, NULL);
INSERT INTO "post_distances"("post_id", "distance_id", "meters") VALUES (11, 6, NULL);
INSERT INTO "post_distances"("post_id", "distance_id", "meters") VALUES (11, 7, NULL);
INSERT INTO "post_distances"("post_id", "distance_id", "meters") VALUES (12, 1, NULL);
INSERT INTO "post_distances"("post_id", "distance_id", "meters") VALUES (12, 2, 61);
INSERT INTO "post_distances"("post_id", "distance_id", "meters") VALUES (12, 3, 61);
INSERT INTO "post_distances"("post_id", "distance_id", "meters") VALUES (12, 4, NULL);
INSERT INTO "post_distances"("post_id", "distance_id", "meters") VALUES (12, 5, 61);
INSERT INTO "post_distances"("post_id", "distance_id", "meters") VALUES (12, 6, 61);
INSERT INTO "post_distances"("post_id", "distance_id", "meters") VALUES (12, 7, 61);
INSERT INTO "post_distances"("post_id", "distance_id", "meters") VALUES (13, 1, 56);
INSERT INTO "post_distances"("post_id", "distance_id", "meters") VALUES (13, 2, 56);
INSERT INTO "post_distances"("post_id", "distance_id", "meters") VALUES (13, 3, 56);
INSERT INTO "post_distances"("post_id", "distance_id", "meters") VALUES (13, 4, 56);
INSERT INTO "post_distances"("post_id", "distance_id", "meters") VALUES (13, 5, 56);
INSERT INTO "post_distances"("post_id", "distance_id", "meters") VALUES (13, 6, 56);
INSERT INTO "post_distances"("post_id", "distance_id", "meters") VALUES (13, 7, 56);
INSERT INTO "post_distances"("post_id", "distance_id", "meters") VALUES (14, 1, NULL);
INSERT INTO "post_distances"("post_id", "distance_id", "meters") VALUES (14, 2, NULL);
INSERT INTO "post_distances"("post_id", "distance_id", "meters") VALUES (14, 3, 71);
INSERT INTO "post_distances"("post_id", "distance_id", "meters") VALUES (14, 4, 71);
INSERT INTO "post_distances"("post_id", "distance_id", "meters") VALUES (14, 5, 71);
INSERT INTO "post_distances"("post_id", "distance_id", "meters") VALUES (14, 6, 71);
INSERT INTO "post_distances"("post_id", "distance_id", "meters") VALUES (14, 7, NULL);
INSERT INTO "post_distances"("post_id", "distance_id", "meters") VALUES (15, 1, 50);
INSERT INTO "post_distances"("post_id", "distance_id", "meters") VALUES (15, 2, 50);
INSERT INTO "post_distances"("post_id", "distance_id", "meters") VALUES (15, 3, 50);
INSERT INTO "post_distances"("post_id", "distance_id", "meters") VALUES (15, 4, 50);
INSERT INTO "post_distances"("post_id", "distance_id", "meters") VALUES (15, 5, 50);
INSERT INTO "post_distances"("post_id", "distance_id", "meters") VALUES (15, 6, 50);
INSERT INTO "post_distances"("post_id", "distance_id", "meters") VALUES (15, 7, 50);
INSERT INTO "post_distances"("post_id", "distance_id", "meters") VALUES (16, 1, 47);
INSERT INTO "post_distances"("post_id", "distance_id", "meters") VALUES (16, 2, NULL);
INSERT INTO "post_distances"("post_id", "distance_id", "meters") VALUES (16, 3, 47);
INSERT INTO "post_distances"("post_id", "distance_id", "meters") VALUES (16, 4, 47);
INSERT INTO "post_distances"("post_id", "distance_id", "meters") VALUES (16, 5, 47);
INSERT INTO "post_distances"("post_id", "distance_id", "meters") VALUES (16, 6, NULL);
INSERT INTO "post_distances"("post_id", "distance_id", "meters") VALUES (16, 7, 47);
INSERT INTO "post_distances"("post_id", "distance_id", "meters") VALUES (17, 1, 44);
INSERT INTO "post_distances"("post_id", "distance_id", "meters") VALUES (17, 2, NULL);
INSERT INTO "post_distances"("post_id", "distance_id", "meters") VALUES (17, 3, NULL);
INSERT INTO "post_distances"("post_id", "distance_id", "meters") VALUES (17, 4, 44);
INSERT INTO "post_distances"("post_id", "distance_id", "meters") VALUES (17, 5, NULL);
INSERT INTO "post_distances"("post_id", "distance_id", "meters") VALUES (17, 6, 22);
INSERT INTO "post_distances"("post_id", "distance_id", "meters") VALUES (17, 7, NULL);
INSERT INTO "post_distances"("post_id", "distance_id", "meters") VALUES (18, 1, NULL);
INSERT INTO "post_distances"("post_id", "distance_id", "meters") VALUES (18, 2, NULL);
INSERT INTO "post_distances"("post_id", "distance_id", "meters") VALUES (18, 3, NULL);
INSERT INTO "post_distances"("post_id", "distance_id", "meters") VALUES (18, 4, NULL);
INSERT INTO "post_distances"("post_id", "distance_id", "meters") VALUES (18, 5, NULL);
INSERT INTO "post_distances"("post_id", "distance_id", "meters") VALUES (18, 6, 52);
INSERT INTO "post_distances"("post_id", "distance_id", "meters") VALUES (18, 7, NULL);
INSERT INTO "post_distances"("post_id", "distance_id", "meters") VALUES (19, 1, 74);
INSERT INTO "post_distances"("post_id", "distance_id", "meters") VALUES (19, 2, NULL);
INSERT INTO "post_distances"("post_id", "distance_id", "meters") VALUES (19, 3, 74);
INSERT INTO "post_distances"("post_id", "distance_id", "meters") VALUES (19, 4, NULL);
INSERT INTO "post_distances"("post_id", "distance_id", "meters") VALUES (19, 5, NULL);
INSERT INTO "post_distances"("post_id", "distance_id", "meters") VALUES (19, 6, 74);
INSERT INTO "post_distances"("post_id", "distance_id", "meters") VALUES (19, 7, NULL);
INSERT INTO "post_distances"("post_id", "distance_id", "meters") VALUES (20, 1, NULL);
INSERT INTO "post_distances"("post_id", "distance_id", "meters") VALUES (20, 2, NULL);
INSERT INTO "post_distances"("post_id", "distance_id", "meters") VALUES (20, 3, NULL);
INSERT INTO "post_distances"("post_id", "distance_id", "meters") VALUES (20, 4, NULL);
INSERT INTO "post_distances"("post_id", "distance_id", "meters") VALUES (20, 5, 53);
INSERT INTO "post_distances"("post_id", "distance_id", "meters") VALUES (20, 6, NULL);
INSERT INTO "post_distances"("post_id", "distance_id", "meters") VALUES (20, 7, NULL);
INSERT INTO "post_distances"("post_id", "distance_id", "meters") VALUES (21, 1, 44);
INSERT INTO "post_distances"("post_id", "distance_id", "meters") VALUES (21, 2, 44);
INSERT INTO "post_distances"("post_id", "distance_id", "meters") VALUES (21, 3, 44);
INSERT INTO "post_distances"("post_id", "distance_id", "meters") VALUES (21, 4, 44);
INSERT INTO "post_distances"("post_id", "distance_id", "meters") VALUES (21, 5, 44);
INSERT INTO "post_distances"("post_id", "distance_id", "meters") VALUES (21, 6, 44);
INSERT INTO "post_distances"("post_id", "distance_id", "meters") VALUES (21, 7, 44);
INSERT INTO "post_distances"("post_id", "distance_id", "meters") VALUES (22, 1, NULL);
INSERT INTO "post_distances"("post_id", "distance_id", "meters") VALUES (22, 2, 56);
INSERT INTO "post_distances"("post_id", "distance_id", "meters") VALUES (22, 3, NULL);
INSERT INTO "post_distances"("post_id", "distance_id", "meters") VALUES (22, 4, NULL);
INSERT INTO "post_distances"("post_id", "distance_id", "meters") VALUES (22, 5, NULL);
INSERT INTO "post_distances"("post_id", "distance_id", "meters") VALUES (22, 6, NULL);
INSERT INTO "post_distances"("post_id", "distance_id", "meters") VALUES (22, 7, NULL);
INSERT INTO "post_distances"("post_id", "distance_id", "meters") VALUES (23, 1, NULL);
INSERT INTO "post_distances"("post_id", "distance_id", "meters") VALUES (23, 2, 40);
INSERT INTO "post_distances"("post_id", "distance_id", "meters") VALUES (23, 3, 40);
INSERT INTO "post_distances"("post_id", "distance_id", "meters") VALUES (23, 4, 40);
INSERT INTO "post_distances"("post_id", "distance_id", "meters") VALUES (23, 5, 40);
INSERT INTO "post_distances"("post_id", "distance_id", "meters") VALUES (23, 6, 40);
INSERT INTO "post_distances"("post_id", "distance_id", "meters") VALUES (23, 7, 40);
INSERT INTO "post_distances"("post_id", "distance_id", "meters") VALUES (24, 1, NULL);
INSERT INTO "post_distances"("post_id", "distance_id", "meters") VALUES (24, 2, 47);
INSERT INTO "post_distances"("post_id", "distance_id", "meters") VALUES (24, 3, NULL);
INSERT INTO "post_distances"("post_id", "distance_id", "meters") VALUES (24, 4, NULL);
INSERT INTO "post_distances"("post_id", "distance_id", "meters") VALUES (24, 5, 47);
INSERT INTO "post_distances"("post_id", "distance_id", "meters") VALUES (24, 6, 47);
INSERT INTO "post_distances"("post_id", "distance_id", "meters") VALUES (24, 7, NULL);
INSERT INTO "post_distances"("post_id", "distance_id", "meters") VALUES (25, 1, 50);
INSERT INTO "post_distances"("post_id", "distance_id", "meters") VALUES (25, 2, NULL);
INSERT INTO "post_distances"("post_id", "distance_id", "meters") VALUES (25, 3, NULL);
INSERT INTO "post_distances"("post_id", "distance_id", "meters") VALUES (25, 4, 50);
INSERT INTO "post_distances"("post_id", "distance_id", "meters") VALUES (25, 5, NULL);
INSERT INTO "post_distances"("post_id", "distance_id", "meters") VALUES (25, 6, NULL);
INSERT INTO "post_distances"("post_id", "distance_id", "meters") VALUES (25, 7, 50);
INSERT INTO "post_distances"("post_id", "distance_id", "meters") VALUES (26, 1, 45);
INSERT INTO "post_distances"("post_id", "distance_id", "meters") VALUES (26, 2, NULL);
INSERT INTO "post_distances"("post_id", "distance_id", "meters") VALUES (26, 3, NULL);
INSERT INTO "post_distances"("post_id", "distance_id", "meters") VALUES (26, 4, 22);
INSERT INTO "post_distances"("post_id", "distance_id", "meters") VALUES (26, 5, NULL);
INSERT INTO "post_distances"("post_id", "distance_id", "meters") VALUES (26, 6, 44);
INSERT INTO "post_distances"("post_id", "distance_id", "meters") VALUES (26, 7, NULL);
INSERT INTO "post_distances"("post_id", "distance_id", "meters") VALUES (27, 1, 49);
INSERT INTO "post_distances"("post_id", "distance_id", "meters") VALUES (27, 2, NULL);
INSERT INTO "post_distances"("post_id", "distance_id", "meters") VALUES (27, 3, NULL);
INSERT INTO "post_distances"("post_id", "distance_id", "meters") VALUES (27, 4, 49);
INSERT INTO "post_distances"("post_id", "distance_id", "meters") VALUES (27, 5, 49);
INSERT INTO "post_distances"("post_id", "distance_id", "meters") VALUES (27, 6, 49);
INSERT INTO "post_distances"("post_id", "distance_id", "meters") VALUES (27, 7, 49);
INSERT INTO "post_distances"("post_id", "distance_id", "meters") VALUES (28, 1, 41);
INSERT INTO "post_distances"("post_id", "distance_id", "meters") VALUES (28, 2, 41);
INSERT INTO "post_distances"("post_id", "distance_id", "meters") VALUES (28, 3, 41);
INSERT INTO "post_distances"("post_id", "distance_id", "meters") VALUES (28, 4, 41);
INSERT INTO "post_distances"("post_id", "distance_id", "meters") VALUES (28, 5, 41);
INSERT INTO "post_distances"("post_id", "distance_id", "meters") VALUES (28, 6, 41);
INSERT INTO "post_distances"("post_id", "distance_id", "meters") VALUES (28, 7, 41);
INSERT INTO "post_distances"("post_id", "distance_id", "meters") VALUES (29, 1, NULL);
INSERT INTO "post_distances"("post_id", "distance_id", "meters") VALUES (29, 2, 51);
INSERT INTO "post_distances"("post_id", "distance_id", "meters") VALUES (29, 3, NULL);
INSERT INTO "post_distances"("post_id", "distance_id", "meters") VALUES (29, 4, NULL);
INSERT INTO "post_distances"("post_id", "distance_id", "meters") VALUES (29, 5, NULL);
INSERT INTO "post_distances"("post_id", "distance_id", "meters") VALUES (29, 6, NULL);
INSERT INTO "post_distances"("post_id", "distance_id", "meters") VALUES (29, 7, NULL);
INSERT INTO "post_distances"("post_id", "distance_id", "meters") VALUES (30, 1, NULL);
INSERT INTO "post_distances"("post_id", "distance_id", "meters") VALUES (30, 2, 22);
INSERT INTO "post_distances"("post_id", "distance_id", "meters") VALUES (30, 3, NULL);
INSERT INTO "post_distances"("post_id", "distance_id", "meters") VALUES (30, 4, NULL);
INSERT INTO "post_distances"("post_id", "distance_id", "meters") VALUES (30, 5, NULL);
INSERT INTO "post_distances"("post_id", "distance_id", "meters") VALUES (30, 6, 41);
INSERT INTO "post_distances"("post_id", "distance_id", "meters") VALUES (30, 7, NULL);
INSERT INTO "post_distances"("post_id", "distance_id", "meters") VALUES (31, 1, 73);
INSERT INTO "post_distances"("post_id", "distance_id", "meters") VALUES (31, 2, NULL);
INSERT INTO "post_distances"("post_id", "distance_id", "meters") VALUES (31, 3, 73);
INSERT INTO "post_distances"("post_id", "distance_id", "meters") VALUES (31, 4, NULL);
INSERT INTO "post_distances"("post_id", "distance_id", "meters") VALUES (31, 5, 73);
INSERT INTO "post_distances"("post_id", "distance_id", "meters") VALUES (31, 6, 73);
INSERT INTO "post_distances"("post_id", "distance_id", "meters") VALUES (31, 7, 73);
INSERT INTO "post_distances"("post_id", "distance_id", "meters") VALUES (32, 1, NULL);
INSERT INTO "post_distances"("post_id", "distance_id", "meters") VALUES (32, 2, NULL);
INSERT INTO "post_distances"("post_id", "distance_id", "meters") VALUES (32, 3, NULL);
INSERT INTO "post_distances"("post_id", "distance_id", "meters") VALUES (32, 4, NULL);
INSERT INTO "post_distances"("post_id", "distance_id", "meters") VALUES (32, 5, NULL);
INSERT INTO "post_distances"("post_id", "distance_id", "meters") VALUES (32, 6, 62);
INSERT INTO "post_distances"("post_id", "distance_id", "meters") VALUES (32, 7, NULL);
INSERT INTO "post_distances"("post_id", "distance_id", "meters") VALUES (33, 1, 56);
INSERT INTO "post_distances"("post_id", "distance_id", "meters") VALUES (33, 2, 56);
INSERT INTO "post_distances"("post_id", "distance_id", "meters") VALUES (33, 3, 56);
INSERT INTO "post_distances"("post_id", "distance_id", "meters") VALUES (33, 4, 56);
INSERT INTO "post_distances"("post_id", "distance_id", "meters") VALUES (33, 5, 56);
INSERT INTO "post_distances"("post_id", "distance_id", "meters") VALUES (33, 6, NULL);
INSERT INTO "post_distances"("post_id", "distance_id", "meters") VALUES (33, 7, NULL);
INSERT INTO "post_distances"("post_id", "distance_id", "meters") VALUES (34, 1, 76);
INSERT INTO "post_distances"("post_id", "distance_id", "meters") VALUES (34, 2, NULL);
INSERT INTO "post_distances"("post_id", "distance_id", "meters") VALUES (34, 3, 76);
INSERT INTO "post_distances"("post_id", "distance_id", "meters") VALUES (34, 4, NULL);
INSERT INTO "post_distances"("post_id", "distance_id", "meters") VALUES (34, 5, NULL);
INSERT INTO "post_distances"("post_id", "distance_id", "meters") VALUES (34, 6, 76);
INSERT INTO "post_distances"("post_id", "distance_id", "meters") VALUES (34, 7, NULL);
INSERT INTO "post_distances"("post_id", "distance_id", "meters") VALUES (35, 1, 69);
INSERT INTO "post_distances"("post_id", "distance_id", "meters") VALUES (35, 2, 69);
INSERT INTO "post_distances"("post_id", "distance_id", "meters") VALUES (35, 3, 69);
INSERT INTO "post_distances"("post_id", "distance_id", "meters") VALUES (35, 4, 69);
INSERT INTO "post_distances"("post_id", "distance_id", "meters") VALUES (35, 5, NULL);
INSERT INTO "post_distances"("post_id", "distance_id", "meters") VALUES (35, 6, 69);
INSERT INTO "post_distances"("post_id", "distance_id", "meters") VALUES (35, 7, NULL);
INSERT INTO "post_distances"("post_id", "distance_id", "meters") VALUES (36, 1, NULL);
INSERT INTO "post_distances"("post_id", "distance_id", "meters") VALUES (36, 2, 55);
INSERT INTO "post_distances"("post_id", "distance_id", "meters") VALUES (36, 3, 55);
INSERT INTO "post_distances"("post_id", "distance_id", "meters") VALUES (36, 4, NULL);
INSERT INTO "post_distances"("post_id", "distance_id", "meters") VALUES (36, 5, 55);
INSERT INTO "post_distances"("post_id", "distance_id", "meters") VALUES (36, 6, 55);
INSERT INTO "post_distances"("post_id", "distance_id", "meters") VALUES (36, 7, NULL);
INSERT INTO "post_distances"("post_id", "distance_id", "meters") VALUES (37, 1, 63);
INSERT INTO "post_distances"("post_id", "distance_id", "meters") VALUES (37, 2, 63);
INSERT INTO "post_distances"("post_id", "distance_id", "meters") VALUES (37, 3, 63);
INSERT INTO "post_distances"("post_id", "distance_id", "meters") VALUES (37, 4, 63);
INSERT INTO "post_distances"("post_id", "distance_id", "meters") VALUES (37, 5, 63);
INSERT INTO "post_distances"("post_id", "distance_id", "meters") VALUES (37, 6, 63);
INSERT INTO "post_distances"("post_id", "distance_id", "meters") VALUES (37, 7, 63);
INSERT INTO "post_distances"("post_id", "distance_id", "meters") VALUES (38, 1, 64);
INSERT INTO "post_distances"("post_id", "distance_id", "meters") VALUES (38, 2, NULL);
INSERT INTO "post_distances"("post_id", "distance_id", "meters") VALUES (38, 3, NULL);
INSERT INTO "post_distances"("post_id", "distance_id", "meters") VALUES (38, 4, NULL);
INSERT INTO "post_distances"("post_id", "distance_id", "meters") VALUES (38, 5, NULL);
INSERT INTO "post_distances"("post_id", "distance_id", "meters") VALUES (38, 6, NULL);
INSERT INTO "post_distances"("post_id", "distance_id", "meters") VALUES (38, 7, NULL);
INSERT INTO "post_distances"("post_id", "distance_id", "meters") VALUES (39, 1, 54);
INSERT INTO "post_distances"("post_id", "distance_id", "meters") VALUES (39, 2, 54);
INSERT INTO "post_distances"("post_id", "distance_id", "meters") VALUES (39, 3, 54);
INSERT INTO "post_distances"("post_id", "distance_id", "meters") VALUES (39, 4, NULL);
INSERT INTO "post_distances"("post_id", "distance_id", "meters") VALUES (39, 5, NULL);
INSERT INTO "post_distances"("post_id", "distance_id", "meters") VALUES (39, 6, 54);
INSERT INTO "post_distances"("post_id", "distance_id", "meters") VALUES (39, 7, NULL);
INSERT INTO "post_distances"("post_id", "distance_id", "meters") VALUES (40, 1, 46);
INSERT INTO "post_distances"("post_id", "distance_id", "meters") VALUES (40, 2, 46);
INSERT INTO "post_distances"("post_id", "distance_id", "meters") VALUES (40, 3, NULL);
INSERT INTO "post_distances"("post_id", "distance_id", "meters") VALUES (40, 4, NULL);
INSERT INTO "post_distances"("post_id", "distance_id", "meters") VALUES (40, 5, NULL);
INSERT INTO "post_distances"("post_id", "distance_id", "meters") VALUES (40, 6, NULL);
INSERT INTO "post_distances"("post_id", "distance_id", "meters") VALUES (40, 7, NULL);
INSERT INTO "post_distances"("post_id", "distance_id", "meters") VALUES (41, 1, NULL);
INSERT INTO "post_distances"("post_id", "distance_id", "meters") VALUES (41, 2, 41);
INSERT INTO "post_distances"("post_id", "distance_id", "meters") VALUES (41, 3, 41);
INSERT INTO "post_distances"("post_id", "distance_id", "meters") VALUES (41, 4, NULL);
INSERT INTO "post_distances"("post_id", "distance_id", "meters") VALUES (41, 5, NULL);
INSERT INTO "post_distances"("post_id", "distance_id", "meters") VALUES (41, 6, NULL);
INSERT INTO "post_distances"("post_id", "distance_id", "meters") VALUES (41, 7, NULL);
INSERT INTO "post_distances"("post_id", "distance_id", "meters") VALUES (42, 1, NULL);
INSERT INTO "post_distances"("post_id", "distance_id", "meters") VALUES (42, 2, NULL);
INSERT INTO "post_distances"("post_id", "distance_id", "meters") VALUES (42, 3, 52);
INSERT INTO "post_distances"("post_id", "distance_id", "meters") VALUES (42, 4, NULL);
INSERT INTO "post_distances"("post_id", "distance_id", "meters") VALUES (42, 5, NULL);
INSERT INTO "post_distances"("post_id", "distance_id", "meters") VALUES (42, 6, NULL);
INSERT INTO "post_distances"("post_id", "distance_id", "meters") VALUES (42, 7, NULL);
INSERT INTO "post_distances"("post_id", "distance_id", "meters") VALUES (43, 1, 64);
INSERT INTO "post_distances"("post_id", "distance_id", "meters") VALUES (43, 2, 64);
INSERT INTO "post_distances"("post_id", "distance_id", "meters") VALUES (43, 3, 64);
INSERT INTO "post_distances"("post_id", "distance_id", "meters") VALUES (43, 4, 64);
INSERT INTO "post_distances"("post_id", "distance_id", "meters") VALUES (43, 5, NULL);
INSERT INTO "post_distances"("post_id", "distance_id", "meters") VALUES (43, 6, 64);
INSERT INTO "post_distances"("post_id", "distance_id", "meters") VALUES (43, 7, 64);
INSERT INTO "post_distances"("post_id", "distance_id", "meters") VALUES (44, 1, 45);
INSERT INTO "post_distances"("post_id", "distance_id", "meters") VALUES (44, 2, 45);
INSERT INTO "post_distances"("post_id", "distance_id", "meters") VALUES (44, 3, 45);
INSERT INTO "post_distances"("post_id", "distance_id", "meters") VALUES (44, 4, 45);
INSERT INTO "post_distances"("post_id", "distance_id", "meters") VALUES (44, 5, 45);
INSERT INTO "post_distances"("post_id", "distance_id", "meters") VALUES (44, 6, 45);
INSERT INTO "post_distances"("post_id", "distance_id", "meters") VALUES (44, 7, 45);
INSERT INTO "post_distances"("post_id", "distance_id", "meters") VALUES (45, 1, NULL);
INSERT INTO "post_distances"("post_id", "distance_id", "meters") VALUES (45, 2, NULL);
INSERT INTO "post_distances"("post_id", "distance_id", "meters") VALUES (45, 3, 75);
INSERT INTO "post_distances"("post_id", "distance_id", "meters") VALUES (45, 4, NULL);
INSERT INTO "post_distances"("post_id", "distance_id", "meters") VALUES (45, 5, NULL);
INSERT INTO "post_distances"("post_id", "distance_id", "meters") VALUES (45, 6, 75);
INSERT INTO "post_distances"("post_id", "distance_id", "meters") VALUES (45, 7, 75);
INSERT INTO "post_distances"("post_id", "distance_id", "meters") VALUES (46, 1, 41);
INSERT INTO "post_distances"("post_id", "distance_id", "meters") VALUES (46, 2, 41);
INSERT INTO "post_distances"("post_id", "distance_id", "meters") VALUES (46, 3, 41);
INSERT INTO "post_distances"("post_id", "distance_id", "meters") VALUES (46, 4, 41);
INSERT INTO "post_distances"("post_id", "distance_id", "meters") VALUES (46, 5, NULL);
INSERT INTO "post_distances"("post_id", "distance_id", "meters") VALUES (46, 6, 41);
INSERT INTO "post_distances"("post_id", "distance_id", "meters") VALUES (46, 7, 41);
INSERT INTO "post_distances"("post_id", "distance_id", "meters") VALUES (47, 1, NULL);
INSERT INTO "post_distances"("post_id", "distance_id", "meters") VALUES (47, 2, NULL);
INSERT INTO "post_distances"("post_id", "distance_id", "meters") VALUES (47, 3, 47);
INSERT INTO "post_distances"("post_id", "distance_id", "meters") VALUES (47, 4, NULL);
INSERT INTO "post_distances"("post_id", "distance_id", "meters") VALUES (47, 5, NULL);
INSERT INTO "post_distances"("post_id", "distance_id", "meters") VALUES (47, 6, NULL);
INSERT INTO "post_distances"("post_id", "distance_id", "meters") VALUES (47, 7, NULL);
INSERT INTO "post_distances"("post_id", "distance_id", "meters") VALUES (48, 1, NULL);
INSERT INTO "post_distances"("post_id", "distance_id", "meters") VALUES (48, 2, NULL);
INSERT INTO "post_distances"("post_id", "distance_id", "meters") VALUES (48, 3, NULL);
INSERT INTO "post_distances"("post_id", "distance_id", "meters") VALUES (48, 4, NULL);
INSERT INTO "post_distances"("post_id", "distance_id", "meters") VALUES (48, 5, NULL);
INSERT INTO "post_distances"("post_id", "distance_id", "meters") VALUES (48, 6, NULL);
INSERT INTO "post_distances"("post_id", "distance_id", "meters") VALUES (48, 7, 44);
INSERT INTO "post_distances"("post_id", "distance_id", "meters") VALUES (49, 1, NULL);
INSERT INTO "post_distances"("post_id", "distance_id", "meters") VALUES (49, 2, NULL);
INSERT INTO "post_distances"("post_id", "distance_id", "meters") VALUES (49, 3, NULL);
INSERT INTO "post_distances"("post_id", "distance_id", "meters") VALUES (49, 4, NULL);
INSERT INTO "post_distances"("post_id", "distance_id", "meters") VALUES (49, 5, 51);
INSERT INTO "post_distances"("post_id", "distance_id", "meters") VALUES (49, 6, 51);
INSERT INTO "post_distances"("post_id", "distance_id", "meters") VALUES (49, 7, 51);
INSERT INTO "post_distances"("post_id", "distance_id", "meters") VALUES (50, 1, 58);
INSERT INTO "post_distances"("post_id", "distance_id", "meters") VALUES (50, 2, NULL);
INSERT INTO "post_distances"("post_id", "distance_id", "meters") VALUES (50, 3, 58);
INSERT INTO "post_distances"("post_id", "distance_id", "meters") VALUES (50, 4, NULL);
INSERT INTO "post_distances"("post_id", "distance_id", "meters") VALUES (50, 5, 58);
INSERT INTO "post_distances"("post_id", "distance_id", "meters") VALUES (50, 6, 58);
INSERT INTO "post_distances"("post_id", "distance_id", "meters") VALUES (50, 7, 58);
INSERT INTO "post_distances"("post_id", "distance_id", "meters") VALUES (51, 1, 51);
INSERT INTO "post_distances"("post_id", "distance_id", "meters") VALUES (51, 2, 51);
INSERT INTO "post_distances"("post_id", "distance_id", "meters") VALUES (51, 3, 51);
INSERT INTO "post_distances"("post_id", "distance_id", "meters") VALUES (51, 4, 51);
INSERT INTO "post_distances"("post_id", "distance_id", "meters") VALUES (51, 5, 51);
INSERT INTO "post_distances"("post_id", "distance_id", "meters") VALUES (51, 6, 51);
INSERT INTO "post_distances"("post_id", "distance_id", "meters") VALUES (51, 7, 51);
INSERT INTO "post_distances"("post_id", "distance_id", "meters") VALUES (52, 1, 45);
INSERT INTO "post_distances"("post_id", "distance_id", "meters") VALUES (52, 2, 45);
INSERT INTO "post_distances"("post_id", "distance_id", "meters") VALUES (52, 3, 45);
INSERT INTO "post_distances"("post_id", "distance_id", "meters") VALUES (52, 4, NULL);
INSERT INTO "post_distances"("post_id", "distance_id", "meters") VALUES (52, 5, 45);
INSERT INTO "post_distances"("post_id", "distance_id", "meters") VALUES (52, 6, 45);
INSERT INTO "post_distances"("post_id", "distance_id", "meters") VALUES (52, 7, 45);
INSERT INTO "post_distances"("post_id", "distance_id", "meters") VALUES (53, 1, NULL);
INSERT INTO "post_distances"("post_id", "distance_id", "meters") VALUES (53, 2, 79);
INSERT INTO "post_distances"("post_id", "distance_id", "meters") VALUES (53, 3, NULL);
INSERT INTO "post_distances"("post_id", "distance_id", "meters") VALUES (53, 4, NULL);
INSERT INTO "post_distances"("post_id", "distance_id", "meters") VALUES (53, 5, NULL);
INSERT INTO "post_distances"("post_id", "distance_id", "meters") VALUES (53, 6, NULL);
INSERT INTO "post_distances"("post_id", "distance_id", "meters") VALUES (53, 7, NULL);
INSERT INTO "post_distances"("post_id", "distance_id", "meters") VALUES (54, 1, NULL);
INSERT INTO "post_distances"("post_id", "distance_id", "meters") VALUES (54, 2, NULL);
INSERT INTO "post_distances"("post_id", "distance_id", "meters") VALUES (54, 3, NULL);
INSERT INTO "post_distances"("post_id", "distance_id", "meters") VALUES (54, 4, NULL);
INSERT INTO "post_distances"("post_id", "distance_id", "meters") VALUES (54, 5, NULL);
INSERT INTO "post_distances"("post_id", "distance_id", "meters") VALUES (54, 6, 70);
INSERT INTO "post_distances"("post_id", "distance_id", "meters") VALUES (54, 7, 70);
INSERT INTO "post_distances"("post_id", "distance_id", "meters") VALUES (55, 1, 64);
INSERT INTO "post_distances"("post_id", "distance_id", "meters") VALUES (55, 2, 64);
INSERT INTO "post_distances"("post_id", "distance_id", "meters") VALUES (55, 3, NULL);
INSERT INTO "post_distances"("post_id", "distance_id", "meters") VALUES (55, 4, 64);
INSERT INTO "post_distances"("post_id", "distance_id", "meters") VALUES (55, 5, 64);
INSERT INTO "post_distances"("post_id", "distance_id", "meters") VALUES (55, 6, 64);
INSERT INTO "post_distances"("post_id", "distance_id", "meters") VALUES (55, 7, 64);
INSERT INTO "post_distances"("post_id", "distance_id", "meters") VALUES (56, 1, NULL);
INSERT INTO "post_distances"("post_id", "distance_id", "meters") VALUES (56, 2, 73);
INSERT INTO "post_distances"("post_id", "distance_id", "meters") VALUES (56, 3, NULL);
INSERT INTO "post_distances"("post_id", "distance_id", "meters") VALUES (56, 4, 73);
INSERT INTO "post_distances"("post_id", "distance_id", "meters") VALUES (56, 5, 73);
INSERT INTO "post_distances"("post_id", "distance_id", "meters") VALUES (56, 6, 73);
INSERT INTO "post_distances"("post_id", "distance_id", "meters") VALUES (56, 7, NULL);
INSERT INTO "post_distances"("post_id", "distance_id", "meters") VALUES (57, 1, 48);
INSERT INTO "post_distances"("post_id", "distance_id", "meters") VALUES (57, 2, NULL);
INSERT INTO "post_distances"("post_id", "distance_id", "meters") VALUES (57, 3, 48);
INSERT INTO "post_distances"("post_id", "distance_id", "meters") VALUES (57, 4, 48);
INSERT INTO "post_distances"("post_id", "distance_id", "meters") VALUES (57, 5, NULL);
INSERT INTO "post_distances"("post_id", "distance_id", "meters") VALUES (57, 6, NULL);
INSERT INTO "post_distances"("post_id", "distance_id", "meters") VALUES (57, 7, 48);
INSERT INTO "post_distances"("post_id", "distance_id", "meters") VALUES (58, 1, 44);
INSERT INTO "post_distances"("post_id", "distance_id", "meters") VALUES (58, 2, NULL);
INSERT INTO "post_distances"("post_id", "distance_id", "meters") VALUES (58, 3, NULL);
INSERT INTO "post_distances"("post_id", "distance_id", "meters") VALUES (58, 4, 77);
INSERT INTO "post_distances"("post_id", "distance_id", "meters") VALUES (58, 5, NULL);
INSERT INTO "post_distances"("post_id", "distance_id", "meters") VALUES (58, 6, NULL);
INSERT INTO "post_distances"("post_id", "distance_id", "meters") VALUES (58, 7, NULL);
INSERT INTO "post_distances"("post_id", "distance_id", "meters") VALUES (59, 1, 63);
INSERT INTO "post_distances"("post_id", "distance_id", "meters") VALUES (59, 2, 63);
INSERT INTO "post_distances"("post_id", "distance_id", "meters") VALUES (59, 3, 63);
INSERT INTO "post_distances"("post_id", "distance_id", "meters") VALUES (59, 4, 63);
INSERT INTO "post_distances"("post_id", "distance_id", "meters") VALUES (59, 5, 63);
INSERT INTO "post_distances"("post_id", "distance_id", "meters") VALUES (59, 6, 63);
INSERT INTO "post_distances"("post_id", "distance_id", "meters") VALUES (59, 7, 63);
INSERT INTO "post_distances"("post_id", "distance_id", "meters") VALUES (60, 1, 77);
INSERT INTO "post_distances"("post_id", "distance_id", "meters") VALUES (60, 2, 77);
INSERT INTO "post_distances"("post_id", "distance_id", "meters") VALUES (60, 3, 77);
INSERT INTO "post_distances"("post_id", "distance_id", "meters") VALUES (60, 4, NULL);
INSERT INTO "post_distances"("post_id", "distance_id", "meters") VALUES (60, 5, 77);
INSERT INTO "post_distances"("post_id", "distance_id", "meters") VALUES (60, 6, NULL);
INSERT INTO "post_distances"("post_id", "distance_id", "meters") VALUES (60, 7, 77);
INSERT INTO "post_distances"("post_id", "distance_id", "meters") VALUES (61, 1, 60);
INSERT INTO "post_distances"("post_id", "distance_id", "meters") VALUES (61, 2, 60);
INSERT INTO "post_distances"("post_id", "distance_id", "meters") VALUES (61, 3, 60);
INSERT INTO "post_distances"("post_id", "distance_id", "meters") VALUES (61, 4, 60);
INSERT INTO "post_distances"("post_id", "distance_id", "meters") VALUES (61, 5, 60);
INSERT INTO "post_distances"("post_id", "distance_id", "meters") VALUES (61, 6, 60);
INSERT INTO "post_distances"("post_id", "distance_id", "meters") VALUES (61, 7, NULL);
INSERT INTO "post_distances"("post_id", "distance_id", "meters") VALUES (62, 1, 50);
INSERT INTO "post_distances"("post_id", "distance_id", "meters") VALUES (62, 2, 50);
INSERT INTO "post_distances"("post_id", "distance_id", "meters") VALUES (62, 3, 50);
INSERT INTO "post_distances"("post_id", "distance_id", "meters") VALUES (62, 4, NULL);
INSERT INTO "post_distances"("post_id", "distance_id", "meters") VALUES (62, 5, 50);
INSERT INTO "post_distances"("post_id", "distance_id", "meters") VALUES (62, 6, 50);
INSERT INTO "post_distances"("post_id", "distance_id", "meters") VALUES (62, 7, 50);
INSERT INTO "post_distances"("post_id", "distance_id", "meters") VALUES (63, 1, 54);
INSERT INTO "post_distances"("post_id", "distance_id", "meters") VALUES (63, 2, 54);
INSERT INTO "post_distances"("post_id", "distance_id", "meters") VALUES (63, 3, 54);
INSERT INTO "post_distances"("post_id", "distance_id", "meters") VALUES (63, 4, 54);
INSERT INTO "post_distances"("post_id", "distance_id", "meters") VALUES (63, 5, NULL);
INSERT INTO "post_distances"("post_id", "distance_id", "meters") VALUES (63, 6, NULL);
INSERT INTO "post_distances"("post_id", "distance_id", "meters") VALUES (63, 7, NULL);
INSERT INTO "post_distances"("post_id", "distance_id", "meters") VALUES (64, 1, NULL);
INSERT INTO "post_distances"("post_id", "distance_id", "meters") VALUES (64, 2, NULL);
INSERT INTO "post_distances"("post_id", "distance_id", "meters") VALUES (64, 3, 65);
INSERT INTO "post_distances"("post_id", "distance_id", "meters") VALUES (64, 4, NULL);
INSERT INTO "post_distances"("post_id", "distance_id", "meters") VALUES (64, 5, NULL);
INSERT INTO "post_distances"("post_id", "distance_id", "meters") VALUES (64, 6, NULL);
INSERT INTO "post_distances"("post_id", "distance_id", "meters") VALUES (64, 7, NULL);
INSERT INTO "post_distances"("post_id", "distance_id", "meters") VALUES (65, 1, NULL);
INSERT INTO "post_distances"("post_id", "distance_id", "meters") VALUES (65, 2, 40);
INSERT INTO "post_distances"("post_id", "distance_id", "meters") VALUES (65, 3, NULL);
INSERT INTO "post_distances"("post_id", "distance_id", "meters") VALUES (65, 4, 40);
INSERT INTO "post_distances"("post_id", "distance_id", "meters") VALUES (65, 5, NULL);
INSERT INTO "post_distances"("post_id", "distance_id", "meters") VALUES (65, 6, NULL);
INSERT INTO "post_distances"("post_id", "distance_id", "meters") VALUES (65, 7, 40);
INSERT INTO "post_distances"("post_id", "distance_id", "meters") VALUES (66, 1, 22);
INSERT INTO "post_distances"("post_id", "distance_id", "meters") VALUES (66, 2, NULL);
INSERT INTO "post_distances"("post_id", "distance_id", "meters") VALUES (66, 3, 44);
INSERT INTO "post_distances"("post_id", "distance_id", "meters") VALUES (66, 4, NULL);
INSERT INTO "post_distances"("post_id", "distance_id", "meters") VALUES (66, 5, 67);
INSERT INTO "post_distances"("post_id", "distance_id", "meters") VALUES (66, 6, NULL);
INSERT INTO "post_distances"("post_id", "distance_id", "meters") VALUES (66, 7, 11);
INSERT INTO "post_distances"("post_id", "distance_id", "meters") VALUES (67, 1, NULL);
INSERT INTO "post_distances"("post_id", "distance_id", "meters") VALUES (67, 2, 62);
INSERT INTO "post_distances"("post_id", "distance_id", "meters") VALUES (67, 3, NULL);
INSERT INTO "post_distances"("post_id", "distance_id", "meters") VALUES (67, 4, NULL);
INSERT INTO "post_distances"("post_id", "distance_id", "meters") VALUES (67, 5, 62);
INSERT INTO "post_distances"("post_id", "distance_id", "meters") VALUES (67, 6, NULL);
INSERT INTO "post_distances"("post_id", "distance_id", "meters") VALUES (67, 7, NULL);
INSERT INTO "post_distances"("post_id", "distance_id", "meters") VALUES (68, 1, 76);
INSERT INTO "post_distances"("post_id", "distance_id", "meters") VALUES (68, 2, 76);
INSERT INTO "post_distances"("post_id", "distance_id", "meters") VALUES (68, 3, 76);
INSERT INTO "post_distances"("post_id", "distance_id", "meters") VALUES (68, 4, 76);
INSERT INTO "post_distances"("post_id", "distance_id", "meters") VALUES (68, 5, 76);
INSERT INTO "post_distances"("post_id", "distance_id", "meters") VALUES (68, 6, 76);
INSERT INTO "post_distances"("post_id", "distance_id", "meters") VALUES (68, 7, 76);
INSERT INTO "post_distances"("post_id", "distance_id", "meters") VALUES (69, 1, 44);
INSERT INTO "post_distances"("post_id", "distance_id", "meters") VALUES (69, 2, 44);
INSERT INTO "post_distances"("post_id", "distance_id", "meters") VALUES (69, 3, 44);
INSERT INTO "post_distances"("post_id", "distance_id", "meters") VALUES (69, 4, 44);
INSERT INTO "post_distances"("post_id", "distance_id", "meters") VALUES (69, 5, 44);
INSERT INTO "post_distances"("post_id", "distance_id", "meters") VALUES (69, 6, 44);
INSERT INTO "post_distances"("post_id", "distance_id", "meters") VALUES (69, 7, NULL);
INSERT INTO "post_distances"("post_id", "distance_id", "meters") VALUES (70, 1, NULL);
INSERT INTO "post_distances"("post_id", "distance_id", "meters") VALUES (70, 2, 75);
INSERT INTO "post_distances"("post_id", "distance_id", "meters") VALUES (70, 3, NULL);
INSERT INTO "post_distances"("post_id", "distance_id", "meters") VALUES (70, 4, NULL);
INSERT INTO "post_distances"("post_id", "distance_id", "meters") VALUES (70, 5, 75);
INSERT INTO "post_distances"("post_id", "distance_id", "meters") VALUES (70, 6, NULL);
INSERT INTO "post_distances"("post_id", "distance_id", "meters") VALUES (70, 7, NULL);
INSERT INTO "post_distances"("post_id", "distance_id", "meters") VALUES (71, 1, 1);
INSERT INTO "post_distances"("post_id", "distance_id", "meters") VALUES (71, 2, 2);
INSERT INTO "post_distances"("post_id", "distance_id", "meters") VALUES (71, 3, 3);
INSERT INTO "post_distances"("post_id", "distance_id", "meters") VALUES (71, 4, 4);
INSERT INTO "post_distances"("post_id", "distance_id", "meters") VALUES (71, 5, 5);
INSERT INTO "post_distances"("post_id", "distance_id", "meters") VALUES (71, 6, 6);
INSERT INTO "post_distances"("post_id", "distance_id", "meters") VALUES (71, 7, NULL);
INSERT INTO "post_distances"("post_id", "distance_id", "meters") VALUES (72, 1, 12);
INSERT INTO "post_distances"("post_id", "distance_id", "meters") VALUES (72, 2, 23);
INSERT INTO "post_distances"("post_id", "distance_id", "meters") VALUES (72, 3, 44);
INSERT INTO "post_distances"("post_id", "distance_id", "meters") VALUES (72, 4, 55);
INSERT INTO "post_distances"("post_id", "distance_id", "meters") VALUES (72, 5, 66);
INSERT INTO "post_distances"("post_id", "distance_id", "meters") VALUES (72, 6, 11);
INSERT INTO "post_distances"("post_id", "distance_id", "meters") VALUES (72, 7, 11);

INSERT INTO "post_conveniences"("post_id", "convenience_id") VALUES (1, 4);
INSERT INTO "post_conveniences"("post_id", "convenience_id") VALUES (1, 5);
INSERT INTO "post_conveniences"("post_id", "convenience_id") VALUES (1, 6);
INSERT INTO "post_conveniences"("post_id", "convenience_id") VALUES (1, 8);
INSERT INTO "post_conveniences"("post_id", "convenience_id") VALUES (1, 9);
INSERT INTO "post_conveniences"("post_id", "convenience_id") VALUES (2, 2);
INSERT INTO "post_conveniences"("post_id", "convenience_id") VALUES (2, 5);
INSERT INTO "post_conveniences"("post_id", "convenience_id") VALUES (2, 6);
INSERT INTO "post_conveniences"("post_id", "convenience_id") VALUES (2, 9);
INSERT INTO "post_conveniences"("post_id", "convenience_id") VALUES (3, 1);
INSERT INTO "post_conveniences"("post_id", "convenience_id") VALUES (3, 2);
INSERT INTO "post_conveniences"("post_id", "convenience_id") VALUES (3, 3);
INSERT INTO "post_conveniences"("post_id", "convenience_id") VALUES (3, 4);
INSERT INTO "post_conveniences"("post_id", "convenience_id") VALUES (3, 6);
INSERT INTO "post_conveniences"("post_id", "convenience_id") VALUES (3, 8);
INSERT INTO "post_conveniences"("post_id", "convenience_id") VALUES (3, 9);
INSERT INTO "post_conveniences"("post_id", "convenience_id") VALUES (4, 1);
INSERT INTO "post_conveniences"("post_id", "convenience_id") VALUES (4, 2);
INSERT INTO "post_conveniences"("post_id", "convenience_id") VALUES (4, 3);
INSERT INTO "post_conveniences"("post_id", "convenience_id") VALUES (4, 4);
INSERT INTO "post_conveniences"("post_id", "convenience_id") VALUES (4, 5);
INSERT INTO "post_conveniences"("post_id", "convenience_id") VALUES (4, 7);
INSERT INTO "post_conveniences"("post_id", "convenience_id") VALUES (4, 8);
INSERT INTO "post_conveniences"("post_id", "convenience_id") VALUES (4, 9);
INSERT INTO "post_conveniences"("post_id", "convenience_id") VALUES (5, 8);
INSERT INTO "post_conveniences"("post_id", "convenience_id") VALUES (6, 1);
INSERT INTO "post_conveniences"("post_id", "convenience_id") VALUES (6, 2);
INSERT INTO "post_conveniences"("post_id", "convenience_id") VALUES (6, 4);
INSERT INTO "post_conveniences"("post_id", "convenience_id") VALUES (6, 5);
INSERT INTO "post_conveniences"("post_id", "convenience_id") VALUES (6, 7);
INSERT INTO "post_conveniences"("post_id", "convenience_id") VALUES (6, 8);
INSERT INTO "post_conveniences"("post_id", "convenience_id") VALUES (6, 9);
INSERT INTO "post_conveniences"("post_id", "convenience_id") VALUES (7, 1);
INSERT INTO "post_conveniences"("post_id", "convenience_id") VALUES (7, 3);
INSERT INTO "post_conveniences"("post_id", "convenience_id") VALUES (7, 4);
INSERT INTO "post_conveniences"("post_id", "convenience_id") VALUES (7, 5);
INSERT INTO "post_conveniences"("post_id", "convenience_id") VALUES (7, 6);
INSERT INTO "post_conveniences"("post_id", "convenience_id") VALUES (7, 8);
INSERT INTO "post_conveniences"("post_id", "convenience_id") VALUES (7, 9);
INSERT INTO "post_conveniences"("post_id", "convenience_id") VALUES (8, 1);
INSERT INTO "post_conveniences"("post_id", "convenience_id") VALUES (8, 2);
INSERT INTO "post_conveniences"("post_id", "convenience_id") VALUES (8, 3);
INSERT INTO "post_conveniences"("post_id", "convenience_id") VALUES (8, 4);
INSERT INTO "post_conveniences"("post_id", "convenience_id") VALUES (8, 5);
INSERT INTO "post_conveniences"("post_id", "convenience_id") VALUES (8, 6);
INSERT INTO "post_conveniences"("post_id", "convenience_id") VALUES (8, 7);
INSERT INTO "post_conveniences"("post_id", "convenience_id") VALUES (8, 8);
INSERT INTO "post_conveniences"("post_id", "convenience_id") VALUES (8, 9);
INSERT INTO "post_conveniences"("post_id", "convenience_id") VALUES (9, 1);
INSERT INTO "post_conveniences"("post_id", "convenience_id") VALUES (9, 2);
INSERT INTO "post_conveniences"("post_id", "convenience_id") VALUES (9, 3);
INSERT INTO "post_conveniences"("post_id", "convenience_id") VALUES (9, 4);
INSERT INTO "post_conveniences"("post_id", "convenience_id") VALUES (9, 5);
INSERT INTO "post_conveniences"("post_id", "convenience_id") VALUES (9, 6);
INSERT INTO "post_conveniences"("post_id", "convenience_id") VALUES (9, 7);
INSERT INTO "post_conveniences"("post_id", "convenience_id") VALUES (9, 8);
INSERT INTO "post_conveniences"("post_id", "convenience_id") VALUES (9, 9);
INSERT INTO "post_conveniences"("post_id", "convenience_id") VALUES (10, 1);
INSERT INTO "post_conveniences"("post_id", "convenience_id") VALUES (10, 2);
INSERT INTO "post_conveniences"("post_id", "convenience_id") VALUES (10, 4);
INSERT INTO "post_conveniences"("post_id", "convenience_id") VALUES (10, 5);
INSERT INTO "post_conveniences"("post_id", "convenience_id") VALUES (10, 6);
INSERT INTO "post_conveniences"("post_id", "convenience_id") VALUES (10, 7);
INSERT INTO "post_conveniences"("post_id", "convenience_id") VALUES (10, 8);
INSERT INTO "post_conveniences"("post_id", "convenience_id") VALUES (10, 9);
INSERT INTO "post_conveniences"("post_id", "convenience_id") VALUES (11, 1);
INSERT INTO "post_conveniences"("post_id", "convenience_id") VALUES (11, 2);
INSERT INTO "post_conveniences"("post_id", "convenience_id") VALUES (11, 3);
INSERT INTO "post_conveniences"("post_id", "convenience_id") VALUES (11, 4);
INSERT INTO "post_conveniences"("post_id", "convenience_id") VALUES (11, 5);
INSERT INTO "post_conveniences"("post_id", "convenience_id") VALUES (11, 6);
INSERT INTO "post_conveniences"("post_id", "convenience_id") VALUES (11, 7);
INSERT INTO "post_conveniences"("post_id", "convenience_id") VALUES (11, 9);
INSERT INTO "post_conveniences"("post_id", "convenience_id") VALUES (12, 1);
INSERT INTO "post_conveniences"("post_id", "convenience_id") VALUES (12, 2);
INSERT INTO "post_conveniences"("post_id", "convenience_id") VALUES (12, 3);
INSERT INTO "post_conveniences"("post_id", "convenience_id") VALUES (12, 4);
INSERT INTO "post_conveniences"("post_id", "convenience_id") VALUES (12, 5);
INSERT INTO "post_conveniences"("post_id", "convenience_id") VALUES (12, 7);
INSERT INTO "post_conveniences"("post_id", "convenience_id") VALUES (12, 8);
INSERT INTO "post_conveniences"("post_id", "convenience_id") VALUES (13, 1);
INSERT INTO "post_conveniences"("post_id", "convenience_id") VALUES (13, 2);
INSERT INTO "post_conveniences"("post_id", "convenience_id") VALUES (13, 3);
INSERT INTO "post_conveniences"("post_id", "convenience_id") VALUES (13, 4);
INSERT INTO "post_conveniences"("post_id", "convenience_id") VALUES (13, 5);
INSERT INTO "post_conveniences"("post_id", "convenience_id") VALUES (13, 6);
INSERT INTO "post_conveniences"("post_id", "convenience_id") VALUES (13, 9);
INSERT INTO "post_conveniences"("post_id", "convenience_id") VALUES (14, 1);
INSERT INTO "post_conveniences"("post_id", "convenience_id") VALUES (14, 3);
INSERT INTO "post_conveniences"("post_id", "convenience_id") VALUES (14, 7);
INSERT INTO "post_conveniences"("post_id", "convenience_id") VALUES (15, 2);
INSERT INTO "post_conveniences"("post_id", "convenience_id") VALUES (15, 8);
INSERT INTO "post_conveniences"("post_id", "convenience_id") VALUES (16, 1);
INSERT INTO "post_conveniences"("post_id", "convenience_id") VALUES (16, 5);
INSERT INTO "post_conveniences"("post_id", "convenience_id") VALUES (16, 6);
INSERT INTO "post_conveniences"("post_id", "convenience_id") VALUES (16, 8);
INSERT INTO "post_conveniences"("post_id", "convenience_id") VALUES (17, 2);
INSERT INTO "post_conveniences"("post_id", "convenience_id") VALUES (17, 3);
INSERT INTO "post_conveniences"("post_id", "convenience_id") VALUES (17, 4);
INSERT INTO "post_conveniences"("post_id", "convenience_id") VALUES (17, 6);
INSERT INTO "post_conveniences"("post_id", "convenience_id") VALUES (17, 8);
INSERT INTO "post_conveniences"("post_id", "convenience_id") VALUES (17, 9);
INSERT INTO "post_conveniences"("post_id", "convenience_id") VALUES (18, 1);
INSERT INTO "post_conveniences"("post_id", "convenience_id") VALUES (18, 2);
INSERT INTO "post_conveniences"("post_id", "convenience_id") VALUES (18, 4);
INSERT INTO "post_conveniences"("post_id", "convenience_id") VALUES (18, 5);
INSERT INTO "post_conveniences"("post_id", "convenience_id") VALUES (18, 6);
INSERT INTO "post_conveniences"("post_id", "convenience_id") VALUES (18, 7);
INSERT INTO "post_conveniences"("post_id", "convenience_id") VALUES (18, 8);
INSERT INTO "post_conveniences"("post_id", "convenience_id") VALUES (18, 9);
INSERT INTO "post_conveniences"("post_id", "convenience_id") VALUES (19, 1);
INSERT INTO "post_conveniences"("post_id", "convenience_id") VALUES (19, 2);
INSERT INTO "post_conveniences"("post_id", "convenience_id") VALUES (19, 3);
INSERT INTO "post_conveniences"("post_id", "convenience_id") VALUES (19, 4);
INSERT INTO "post_conveniences"("post_id", "convenience_id") VALUES (19, 5);
INSERT INTO "post_conveniences"("post_id", "convenience_id") VALUES (19, 6);
INSERT INTO "post_conveniences"("post_id", "convenience_id") VALUES (19, 7);
INSERT INTO "post_conveniences"("post_id", "convenience_id") VALUES (19, 8);
INSERT INTO "post_conveniences"("post_id", "convenience_id") VALUES (19, 9);
INSERT INTO "post_conveniences"("post_id", "convenience_id") VALUES (20, 4);
INSERT INTO "post_conveniences"("post_id", "convenience_id") VALUES (20, 8);
INSERT INTO "post_conveniences"("post_id", "convenience_id") VALUES (20, 9);
INSERT INTO "post_conveniences"("post_id", "convenience_id") VALUES (21, 1);
INSERT INTO "post_conveniences"("post_id", "convenience_id") VALUES (21, 2);
INSERT INTO "post_conveniences"("post_id", "convenience_id") VALUES (21, 6);
INSERT INTO "post_conveniences"("post_id", "convenience_id") VALUES (21, 7);
INSERT INTO "post_conveniences"("post_id", "convenience_id") VALUES (21, 8);
INSERT INTO "post_conveniences"("post_id", "convenience_id") VALUES (22, 1);
INSERT INTO "post_conveniences"("post_id", "convenience_id") VALUES (22, 2);
INSERT INTO "post_conveniences"("post_id", "convenience_id") VALUES (22, 3);
INSERT INTO "post_conveniences"("post_id", "convenience_id") VALUES (22, 4);
INSERT INTO "post_conveniences"("post_id", "convenience_id") VALUES (22, 5);
INSERT INTO "post_conveniences"("post_id", "convenience_id") VALUES (22, 6);
INSERT INTO "post_conveniences"("post_id", "convenience_id") VALUES (22, 7);
INSERT INTO "post_conveniences"("post_id", "convenience_id") VALUES (22, 8);
INSERT INTO "post_conveniences"("post_id", "convenience_id") VALUES (22, 9);
INSERT INTO "post_conveniences"("post_id", "convenience_id") VALUES (23, 3);
INSERT INTO "post_conveniences"("post_id", "convenience_id") VALUES (23, 4);
INSERT INTO "post_conveniences"("post_id", "convenience_id") VALUES (23, 5);
INSERT INTO "post_conveniences"("post_id", "convenience_id") VALUES (23, 6);
INSERT INTO "post_conveniences"("post_id", "convenience_id") VALUES (23, 8);
INSERT INTO "post_conveniences"("post_id", "convenience_id") VALUES (24, 1);
INSERT INTO "post_conveniences"("post_id", "convenience_id") VALUES (24, 3);
INSERT INTO "post_conveniences"("post_id", "convenience_id") VALUES (24, 5);
INSERT INTO "post_conveniences"("post_id", "convenience_id") VALUES (24, 9);
INSERT INTO "post_conveniences"("post_id", "convenience_id") VALUES (25, 2);
INSERT INTO "post_conveniences"("post_id", "convenience_id") VALUES (25, 7);
INSERT INTO "post_conveniences"("post_id", "convenience_id") VALUES (26, 1);
INSERT INTO "post_conveniences"("post_id", "convenience_id") VALUES (26, 2);
INSERT INTO "post_conveniences"("post_id", "convenience_id") VALUES (26, 4);
INSERT INTO "post_conveniences"("post_id", "convenience_id") VALUES (27, 1);
INSERT INTO "post_conveniences"("post_id", "convenience_id") VALUES (27, 2);
INSERT INTO "post_conveniences"("post_id", "convenience_id") VALUES (27, 9);
INSERT INTO "post_conveniences"("post_id", "convenience_id") VALUES (28, 2);
INSERT INTO "post_conveniences"("post_id", "convenience_id") VALUES (28, 3);
INSERT INTO "post_conveniences"("post_id", "convenience_id") VALUES (29, 2);
INSERT INTO "post_conveniences"("post_id", "convenience_id") VALUES (29, 3);
INSERT INTO "post_conveniences"("post_id", "convenience_id") VALUES (29, 6);
INSERT INTO "post_conveniences"("post_id", "convenience_id") VALUES (30, 1);
INSERT INTO "post_conveniences"("post_id", "convenience_id") VALUES (30, 2);
INSERT INTO "post_conveniences"("post_id", "convenience_id") VALUES (30, 3);
INSERT INTO "post_conveniences"("post_id", "convenience_id") VALUES (30, 4);
INSERT INTO "post_conveniences"("post_id", "convenience_id") VALUES (30, 5);
INSERT INTO "post_conveniences"("post_id", "convenience_id") VALUES (30, 6);
INSERT INTO "post_conveniences"("post_id", "convenience_id") VALUES (31, 2);
INSERT INTO "post_conveniences"("post_id", "convenience_id") VALUES (31, 8);
INSERT INTO "post_conveniences"("post_id", "convenience_id") VALUES (32, 1);
INSERT INTO "post_conveniences"("post_id", "convenience_id") VALUES (32, 2);
INSERT INTO "post_conveniences"("post_id", "convenience_id") VALUES (32, 3);
INSERT INTO "post_conveniences"("post_id", "convenience_id") VALUES (32, 4);
INSERT INTO "post_conveniences"("post_id", "convenience_id") VALUES (32, 5);
INSERT INTO "post_conveniences"("post_id", "convenience_id") VALUES (32, 6);
INSERT INTO "post_conveniences"("post_id", "convenience_id") VALUES (32, 7);
INSERT INTO "post_conveniences"("post_id", "convenience_id") VALUES (32, 8);
INSERT INTO "post_conveniences"("post_id", "convenience_id") VALUES (32, 9);
INSERT INTO "post_conveniences"("post_id", "convenience_id") VALUES (33, 3);
INSERT INTO "post_conveniences"("post_id", "convenience_id") VALUES (33, 5);
INSERT INTO "post_conveniences"("post_id", "convenience_id") VALUES (33, 7);
INSERT INTO "post_conveniences"("post_id", "convenience_id") VALUES (33, 8);
INSERT INTO "post_conveniences"("post_id", "convenience_id") VALUES (33, 10);
INSERT INTO "post_conveniences"("post_id", "convenience_id") VALUES (34, 1);
INSERT INTO "post_conveniences"("post_id", "convenience_id") VALUES (34, 2);
INSERT INTO "post_conveniences"("post_id", "convenience_id") VALUES (34, 3);
INSERT INTO "post_conveniences"("post_id", "convenience_id") VALUES (34, 4);
INSERT INTO "post_conveniences"("post_id", "convenience_id") VALUES (34, 6);
INSERT INTO "post_conveniences"("post_id", "convenience_id") VALUES (34, 7);
INSERT INTO "post_conveniences"("post_id", "convenience_id") VALUES (34, 8);
INSERT INTO "post_conveniences"("post_id", "convenience_id") VALUES (35, 1);
INSERT INTO "post_conveniences"("post_id", "convenience_id") VALUES (35, 2);
INSERT INTO "post_conveniences"("post_id", "convenience_id") VALUES (35, 3);
INSERT INTO "post_conveniences"("post_id", "convenience_id") VALUES (35, 4);
INSERT INTO "post_conveniences"("post_id", "convenience_id") VALUES (35, 6);
INSERT INTO "post_conveniences"("post_id", "convenience_id") VALUES (35, 7);
INSERT INTO "post_conveniences"("post_id", "convenience_id") VALUES (35, 9);
INSERT INTO "post_conveniences"("post_id", "convenience_id") VALUES (36, 3);
INSERT INTO "post_conveniences"("post_id", "convenience_id") VALUES (36, 5);
INSERT INTO "post_conveniences"("post_id", "convenience_id") VALUES (36, 6);
INSERT INTO "post_conveniences"("post_id", "convenience_id") VALUES (36, 7);
INSERT INTO "post_conveniences"("post_id", "convenience_id") VALUES (36, 9);
INSERT INTO "post_conveniences"("post_id", "convenience_id") VALUES (37, 1);
INSERT INTO "post_conveniences"("post_id", "convenience_id") VALUES (37, 2);
INSERT INTO "post_conveniences"("post_id", "convenience_id") VALUES (37, 3);
INSERT INTO "post_conveniences"("post_id", "convenience_id") VALUES (37, 6);
INSERT INTO "post_conveniences"("post_id", "convenience_id") VALUES (37, 7);
INSERT INTO "post_conveniences"("post_id", "convenience_id") VALUES (37, 9);
INSERT INTO "post_conveniences"("post_id", "convenience_id") VALUES (38, 1);
INSERT INTO "post_conveniences"("post_id", "convenience_id") VALUES (38, 2);
INSERT INTO "post_conveniences"("post_id", "convenience_id") VALUES (38, 3);
INSERT INTO "post_conveniences"("post_id", "convenience_id") VALUES (38, 6);
INSERT INTO "post_conveniences"("post_id", "convenience_id") VALUES (38, 7);
INSERT INTO "post_conveniences"("post_id", "convenience_id") VALUES (39, 3);
INSERT INTO "post_conveniences"("post_id", "convenience_id") VALUES (39, 4);
INSERT INTO "post_conveniences"("post_id", "convenience_id") VALUES (39, 6);
INSERT INTO "post_conveniences"("post_id", "convenience_id") VALUES (39, 7);
INSERT INTO "post_conveniences"("post_id", "convenience_id") VALUES (39, 8);
INSERT INTO "post_conveniences"("post_id", "convenience_id") VALUES (40, 2);
INSERT INTO "post_conveniences"("post_id", "convenience_id") VALUES (40, 3);
INSERT INTO "post_conveniences"("post_id", "convenience_id") VALUES (40, 4);
INSERT INTO "post_conveniences"("post_id", "convenience_id") VALUES (40, 6);
INSERT INTO "post_conveniences"("post_id", "convenience_id") VALUES (41, 1);
INSERT INTO "post_conveniences"("post_id", "convenience_id") VALUES (41, 3);
INSERT INTO "post_conveniences"("post_id", "convenience_id") VALUES (41, 4);
INSERT INTO "post_conveniences"("post_id", "convenience_id") VALUES (41, 7);
INSERT INTO "post_conveniences"("post_id", "convenience_id") VALUES (41, 8);
INSERT INTO "post_conveniences"("post_id", "convenience_id") VALUES (42, 1);
INSERT INTO "post_conveniences"("post_id", "convenience_id") VALUES (42, 2);
INSERT INTO "post_conveniences"("post_id", "convenience_id") VALUES (42, 3);
INSERT INTO "post_conveniences"("post_id", "convenience_id") VALUES (42, 4);
INSERT INTO "post_conveniences"("post_id", "convenience_id") VALUES (42, 5);
INSERT INTO "post_conveniences"("post_id", "convenience_id") VALUES (42, 7);
INSERT INTO "post_conveniences"("post_id", "convenience_id") VALUES (42, 8);
INSERT INTO "post_conveniences"("post_id", "convenience_id") VALUES (43, 1);
INSERT INTO "post_conveniences"("post_id", "convenience_id") VALUES (43, 2);
INSERT INTO "post_conveniences"("post_id", "convenience_id") VALUES (43, 4);
INSERT INTO "post_conveniences"("post_id", "convenience_id") VALUES (43, 5);
INSERT INTO "post_conveniences"("post_id", "convenience_id") VALUES (43, 6);
INSERT INTO "post_conveniences"("post_id", "convenience_id") VALUES (43, 7);
INSERT INTO "post_conveniences"("post_id", "convenience_id") VALUES (43, 8);
INSERT INTO "post_conveniences"("post_id", "convenience_id") VALUES (43, 9);
INSERT INTO "post_conveniences"("post_id", "convenience_id") VALUES (44, 1);
INSERT INTO "post_conveniences"("post_id", "convenience_id") VALUES (44, 2);
INSERT INTO "post_conveniences"("post_id", "convenience_id") VALUES (44, 3);
INSERT INTO "post_conveniences"("post_id", "convenience_id") VALUES (44, 5);
INSERT INTO "post_conveniences"("post_id", "convenience_id") VALUES (44, 6);
INSERT INTO "post_conveniences"("post_id", "convenience_id") VALUES (44, 8);
INSERT INTO "post_conveniences"("post_id", "convenience_id") VALUES (44, 9);
INSERT INTO "post_conveniences"("post_id", "convenience_id") VALUES (45, 1);
INSERT INTO "post_conveniences"("post_id", "convenience_id") VALUES (45, 3);
INSERT INTO "post_conveniences"("post_id", "convenience_id") VALUES (45, 5);
INSERT INTO "post_conveniences"("post_id", "convenience_id") VALUES (45, 6);
INSERT INTO "post_conveniences"("post_id", "convenience_id") VALUES (45, 8);
INSERT INTO "post_conveniences"("post_id", "convenience_id") VALUES (45, 10);
INSERT INTO "post_conveniences"("post_id", "convenience_id") VALUES (46, 1);
INSERT INTO "post_conveniences"("post_id", "convenience_id") VALUES (46, 2);
INSERT INTO "post_conveniences"("post_id", "convenience_id") VALUES (46, 3);
INSERT INTO "post_conveniences"("post_id", "convenience_id") VALUES (46, 5);
INSERT INTO "post_conveniences"("post_id", "convenience_id") VALUES (46, 6);
INSERT INTO "post_conveniences"("post_id", "convenience_id") VALUES (46, 7);
INSERT INTO "post_conveniences"("post_id", "convenience_id") VALUES (46, 8);
INSERT INTO "post_conveniences"("post_id", "convenience_id") VALUES (46, 9);
INSERT INTO "post_conveniences"("post_id", "convenience_id") VALUES (47, 1);
INSERT INTO "post_conveniences"("post_id", "convenience_id") VALUES (47, 2);
INSERT INTO "post_conveniences"("post_id", "convenience_id") VALUES (47, 4);
INSERT INTO "post_conveniences"("post_id", "convenience_id") VALUES (47, 5);
INSERT INTO "post_conveniences"("post_id", "convenience_id") VALUES (47, 6);
INSERT INTO "post_conveniences"("post_id", "convenience_id") VALUES (47, 7);
INSERT INTO "post_conveniences"("post_id", "convenience_id") VALUES (47, 8);
INSERT INTO "post_conveniences"("post_id", "convenience_id") VALUES (47, 9);
INSERT INTO "post_conveniences"("post_id", "convenience_id") VALUES (48, 1);
INSERT INTO "post_conveniences"("post_id", "convenience_id") VALUES (48, 3);
INSERT INTO "post_conveniences"("post_id", "convenience_id") VALUES (48, 5);
INSERT INTO "post_conveniences"("post_id", "convenience_id") VALUES (48, 6);
INSERT INTO "post_conveniences"("post_id", "convenience_id") VALUES (48, 9);
INSERT INTO "post_conveniences"("post_id", "convenience_id") VALUES (49, 1);
INSERT INTO "post_conveniences"("post_id", "convenience_id") VALUES (49, 2);
INSERT INTO "post_conveniences"("post_id", "convenience_id") VALUES (49, 3);
INSERT INTO "post_conveniences"("post_id", "convenience_id") VALUES (49, 4);
INSERT INTO "post_conveniences"("post_id", "convenience_id") VALUES (49, 5);
INSERT INTO "post_conveniences"("post_id", "convenience_id") VALUES (49, 6);
INSERT INTO "post_conveniences"("post_id", "convenience_id") VALUES (49, 7);
INSERT INTO "post_conveniences"("post_id", "convenience_id") VALUES (49, 8);
INSERT INTO "post_conveniences"("post_id", "convenience_id") VALUES (49, 9);
INSERT INTO "post_conveniences"("post_id", "convenience_id") VALUES (50, 1);
INSERT INTO "post_conveniences"("post_id", "convenience_id") VALUES (50, 2);
INSERT INTO "post_conveniences"("post_id", "convenience_id") VALUES (50, 4);
INSERT INTO "post_conveniences"("post_id", "convenience_id") VALUES (50, 5);
INSERT INTO "post_conveniences"("post_id", "convenience_id") VALUES (50, 6);
INSERT INTO "post_conveniences"("post_id", "convenience_id") VALUES (50, 8);
INSERT INTO "post_conveniences"("post_id", "convenience_id") VALUES (51, 3);
INSERT INTO "post_conveniences"("post_id", "convenience_id") VALUES (51, 4);
INSERT INTO "post_conveniences"("post_id", "convenience_id") VALUES (52, 2);
INSERT INTO "post_conveniences"("post_id", "convenience_id") VALUES (52, 9);
INSERT INTO "post_conveniences"("post_id", "convenience_id") VALUES (53, 3);
INSERT INTO "post_conveniences"("post_id", "convenience_id") VALUES (53, 8);
INSERT INTO "post_conveniences"("post_id", "convenience_id") VALUES (54, 1);
INSERT INTO "post_conveniences"("post_id", "convenience_id") VALUES (54, 2);
INSERT INTO "post_conveniences"("post_id", "convenience_id") VALUES (54, 5);
INSERT INTO "post_conveniences"("post_id", "convenience_id") VALUES (54, 8);
INSERT INTO "post_conveniences"("post_id", "convenience_id") VALUES (54, 9);
INSERT INTO "post_conveniences"("post_id", "convenience_id") VALUES (55, 1);
INSERT INTO "post_conveniences"("post_id", "convenience_id") VALUES (55, 2);
INSERT INTO "post_conveniences"("post_id", "convenience_id") VALUES (55, 3);
INSERT INTO "post_conveniences"("post_id", "convenience_id") VALUES (55, 4);
INSERT INTO "post_conveniences"("post_id", "convenience_id") VALUES (55, 5);
INSERT INTO "post_conveniences"("post_id", "convenience_id") VALUES (55, 6);
INSERT INTO "post_conveniences"("post_id", "convenience_id") VALUES (55, 7);
INSERT INTO "post_conveniences"("post_id", "convenience_id") VALUES (55, 8);
INSERT INTO "post_conveniences"("post_id", "convenience_id") VALUES (55, 9);
INSERT INTO "post_conveniences"("post_id", "convenience_id") VALUES (56, 9);
INSERT INTO "post_conveniences"("post_id", "convenience_id") VALUES (57, 1);
INSERT INTO "post_conveniences"("post_id", "convenience_id") VALUES (57, 2);
INSERT INTO "post_conveniences"("post_id", "convenience_id") VALUES (57, 4);
INSERT INTO "post_conveniences"("post_id", "convenience_id") VALUES (57, 5);
INSERT INTO "post_conveniences"("post_id", "convenience_id") VALUES (57, 6);
INSERT INTO "post_conveniences"("post_id", "convenience_id") VALUES (57, 7);
INSERT INTO "post_conveniences"("post_id", "convenience_id") VALUES (57, 9);
INSERT INTO "post_conveniences"("post_id", "convenience_id") VALUES (58, 1);
INSERT INTO "post_conveniences"("post_id", "convenience_id") VALUES (58, 2);
INSERT INTO "post_conveniences"("post_id", "convenience_id") VALUES (58, 4);
INSERT INTO "post_conveniences"("post_id", "convenience_id") VALUES (58, 5);
INSERT INTO "post_conveniences"("post_id", "convenience_id") VALUES (58, 7);
INSERT INTO "post_conveniences"("post_id", "convenience_id") VALUES (58, 8);
INSERT INTO "post_conveniences"("post_id", "convenience_id") VALUES (58, 9);
INSERT INTO "post_conveniences"("post_id", "convenience_id") VALUES (59, 1);
INSERT INTO "post_conveniences"("post_id", "convenience_id") VALUES (59, 4);
INSERT INTO "post_conveniences"("post_id", "convenience_id") VALUES (60, 8);
INSERT INTO "post_conveniences"("post_id", "convenience_id") VALUES (61, 1);
INSERT INTO "post_conveniences"("post_id", "convenience_id") VALUES (61, 3);
INSERT INTO "post_conveniences"("post_id", "convenience_id") VALUES (61, 4);
INSERT INTO "post_conveniences"("post_id", "convenience_id") VALUES (61, 5);
INSERT INTO "post_conveniences"("post_id", "convenience_id") VALUES (61, 6);
INSERT INTO "post_conveniences"("post_id", "convenience_id") VALUES (61, 7);
INSERT INTO "post_conveniences"("post_id", "convenience_id") VALUES (61, 8);
INSERT INTO "post_conveniences"("post_id", "convenience_id") VALUES (61, 9);
INSERT INTO "post_conveniences"("post_id", "convenience_id") VALUES (62, 2);
INSERT INTO "post_conveniences"("post_id", "convenience_id") VALUES (62, 5);
INSERT INTO "post_conveniences"("post_id", "convenience_id") VALUES (62, 7);
INSERT INTO "post_conveniences"("post_id", "convenience_id") VALUES (62, 9);
INSERT INTO "post_conveniences"("post_id", "convenience_id") VALUES (63, 2);
INSERT INTO "post_conveniences"("post_id", "convenience_id") VALUES (63, 3);
INSERT INTO "post_conveniences"("post_id", "convenience_id") VALUES (63, 4);
INSERT INTO "post_conveniences"("post_id", "convenience_id") VALUES (63, 5);
INSERT INTO "post_conveniences"("post_id", "convenience_id") VALUES (63, 6);
INSERT INTO "post_conveniences"("post_id", "convenience_id") VALUES (63, 7);
INSERT INTO "post_conveniences"("post_id", "convenience_id") VALUES (63, 8);
INSERT INTO "post_conveniences"("post_id", "convenience_id") VALUES (64, 1);
INSERT INTO "post_conveniences"("post_id", "convenience_id") VALUES (64, 2);
INSERT INTO "post_conveniences"("post_id", "convenience_id") VALUES (64, 3);
INSERT INTO "post_conveniences"("post_id", "convenience_id") VALUES (64, 4);
INSERT INTO "post_conveniences"("post_id", "convenience_id") VALUES (64, 5);
INSERT INTO "post_conveniences"("post_id", "convenience_id") VALUES (64, 6);
INSERT INTO "post_conveniences"("post_id", "convenience_id") VALUES (64, 7);
INSERT INTO "post_conveniences"("post_id", "convenience_id") VALUES (64, 8);
INSERT INTO "post_conveniences"("post_id", "convenience_id") VALUES (64, 9);
INSERT INTO "post_conveniences"("post_id", "convenience_id") VALUES (65, 1);
INSERT INTO "post_conveniences"("post_id", "convenience_id") VALUES (65, 3);
INSERT INTO "post_conveniences"("post_id", "convenience_id") VALUES (65, 4);
INSERT INTO "post_conveniences"("post_id", "convenience_id") VALUES (65, 7);
INSERT INTO "post_conveniences"("post_id", "convenience_id") VALUES (65, 8);
INSERT INTO "post_conveniences"("post_id", "convenience_id") VALUES (65, 9);
INSERT INTO "post_conveniences"("post_id", "convenience_id") VALUES (66, 2);
INSERT INTO "post_conveniences"("post_id", "convenience_id") VALUES (66, 4);
INSERT INTO "post_conveniences"("post_id", "convenience_id") VALUES (66, 5);
INSERT INTO "post_conveniences"("post_id", "convenience_id") VALUES (66, 6);
INSERT INTO "post_conveniences"("post_id", "convenience_id") VALUES (66, 7);
INSERT INTO "post_conveniences"("post_id", "convenience_id") VALUES (66, 8);
INSERT INTO "post_conveniences"("post_id", "convenience_id") VALUES (66, 9);
INSERT INTO "post_conveniences"("post_id", "convenience_id") VALUES (67, 8);
INSERT INTO "post_conveniences"("post_id", "convenience_id") VALUES (68, 1);
INSERT INTO "post_conveniences"("post_id", "convenience_id") VALUES (68, 2);
INSERT INTO "post_conveniences"("post_id", "convenience_id") VALUES (68, 3);
INSERT INTO "post_conveniences"("post_id", "convenience_id") VALUES (68, 4);
INSERT INTO "post_conveniences"("post_id", "convenience_id") VALUES (68, 5);
INSERT INTO "post_conveniences"("post_id", "convenience_id") VALUES (68, 6);
INSERT INTO "post_conveniences"("post_id", "convenience_id") VALUES (68, 8);
INSERT INTO "post_conveniences"("post_id", "convenience_id") VALUES (69, 1);
INSERT INTO "post_conveniences"("post_id", "convenience_id") VALUES (69, 4);
INSERT INTO "post_conveniences"("post_id", "convenience_id") VALUES (69, 5);
INSERT INTO "post_conveniences"("post_id", "convenience_id") VALUES (69, 8);
INSERT INTO "post_conveniences"("post_id", "convenience_id") VALUES (70, 2);
INSERT INTO "post_conveniences"("post_id", "convenience_id") VALUES (70, 3);
INSERT INTO "post_conveniences"("post_id", "convenience_id") VALUES (70, 4);
INSERT INTO "post_conveniences"("post_id", "convenience_id") VALUES (70, 5);
INSERT INTO "post_conveniences"("post_id", "convenience_id") VALUES (70, 6);
INSERT INTO "post_conveniences"("post_id", "convenience_id") VALUES (70, 9);
INSERT INTO "post_conveniences"("post_id", "convenience_id") VALUES (71, 2);
INSERT INTO "post_conveniences"("post_id", "convenience_id") VALUES (71, 7);
INSERT INTO "post_conveniences"("post_id", "convenience_id") VALUES (72, 1);
INSERT INTO "post_conveniences"("post_id", "convenience_id") VALUES (72, 5);
INSERT INTO "post_conveniences"("post_id", "convenience_id") VALUES (72, 6);
INSERT INTO "post_conveniences"("post_id", "convenience_id") VALUES (72, 10);

INSERT INTO "favorites"("user_id", "post_id", "created_at", "updated_at") VALUES (2, 11, '2019-05-09 00:34:01', '2019-05-09 00:34:01');
INSERT INTO "favorites"("user_id", "post_id", "created_at", "updated_at") VALUES (2, 12, '2019-05-09 00:34:01', '2019-05-09 00:34:01');
INSERT INTO "favorites"("user_id", "post_id", "created_at", "updated_at") VALUES (2, 19, '2019-05-09 00:34:02', '2019-05-09 00:34:02');
INSERT INTO "favorites"("user_id", "post_id", "created_at", "updated_at") VALUES (2, 28, '2019-05-09 00:34:02', '2019-05-09 00:34:02');
INSERT INTO "favorites"("user_id", "post_id", "created_at", "updated_at") VALUES (2, 34, '2019-05-09 00:34:02', '2019-05-09 00:34:02');
INSERT INTO "favorites"("user_id", "post_id", "created_at", "updated_at") VALUES (2, 41, '2019-05-09 00:34:03', '2019-05-09 00:34:03');
INSERT INTO "favorites"("user_id", "post_id", "created_at", "updated_at") VALUES (2, 49, '2019-05-09 00:34:03', '2019-05-09 00:34:03');
INSERT INTO "favorites"("user_id", "post_id", "created_at", "updated_at") VALUES (2, 51, '2019-05-09 00:34:04', '2019-05-09 00:34:04');
INSERT INTO "favorites"("user_id", "post_id", "created_at", "updated_at") VALUES (2, 67, '2019-05-09 00:34:04', '2019-05-09 00:34:04');
INSERT INTO "favorites"("user_id", "post_id", "created_at", "updated_at") VALUES (3, 4, '2019-05-09 00:34:01', '2019-05-09 00:34:01');
INSERT INTO "favorites"("user_id", "post_id", "created_at", "updated_at") VALUES (3, 6, '2019-05-09 00:34:01', '2019-05-09 00:34:01');
INSERT INTO "favorites"("user_id", "post_id", "created_at", "updated_at") VALUES (3, 8, '2019-05-09 00:34:01', '2019-05-09 00:34:01');
INSERT INTO "favorites"("user_id", "post_id", "created_at", "updated_at") VALUES (3, 9, '2019-05-09 00:34:01', '2019-05-09 00:34:01');
INSERT INTO "favorites"("user_id", "post_id", "created_at", "updated_at") VALUES (3, 11, '2019-05-09 00:34:01', '2019-05-09 00:34:01');
INSERT INTO "favorites"("user_id", "post_id", "created_at", "updated_at") VALUES (3, 12, '2019-05-09 00:34:01', '2019-05-09 00:34:01');
INSERT INTO "favorites"("user_id", "post_id", "created_at", "updated_at") VALUES (3, 15, '2019-05-09 00:34:01', '2019-05-09 00:34:01');
INSERT INTO "favorites"("user_id", "post_id", "created_at", "updated_at") VALUES (3, 18, '2019-05-09 00:34:01', '2019-05-09 00:34:01');
INSERT INTO "favorites"("user_id", "post_id", "created_at", "updated_at") VALUES (3, 19, '2019-05-09 00:34:02', '2019-05-09 00:34:02');
INSERT INTO "favorites"("user_id", "post_id", "created_at", "updated_at") VALUES (3, 28, '2019-05-09 00:34:02', '2019-05-09 00:34:02');
INSERT INTO "favorites"("user_id", "post_id", "created_at", "updated_at") VALUES (3, 32, '2019-05-09 00:34:02', '2019-05-09 00:34:02');
INSERT INTO "favorites"("user_id", "post_id", "created_at", "updated_at") VALUES (3, 33, '2019-05-09 00:34:02', '2019-05-09 00:34:02');
INSERT INTO "favorites"("user_id", "post_id", "created_at", "updated_at") VALUES (3, 34, '2019-05-09 00:34:02', '2019-05-09 00:34:02');
INSERT INTO "favorites"("user_id", "post_id", "created_at", "updated_at") VALUES (3, 35, '2019-05-09 00:34:02', '2019-05-09 00:34:02');
INSERT INTO "favorites"("user_id", "post_id", "created_at", "updated_at") VALUES (3, 38, '2019-05-09 00:34:03', '2019-05-09 00:34:03');
INSERT INTO "favorites"("user_id", "post_id", "created_at", "updated_at") VALUES (3, 39, '2019-05-09 00:34:03', '2019-05-09 00:34:03');
INSERT INTO "favorites"("user_id", "post_id", "created_at", "updated_at") VALUES (3, 41, '2019-05-09 00:34:03', '2019-05-09 00:34:03');
INSERT INTO "favorites"("user_id", "post_id", "created_at", "updated_at") VALUES (3, 42, '2019-05-09 00:34:03', '2019-05-09 00:34:03');
INSERT INTO "favorites"("user_id", "post_id", "created_at", "updated_at") VALUES (3, 44, '2019-05-09 00:34:03', '2019-05-09 00:34:03');
INSERT INTO "favorites"("user_id", "post_id", "created_at", "updated_at") VALUES (3, 49, '2019-05-09 00:34:03', '2019-05-09 00:34:03');
INSERT INTO "favorites"("user_id", "post_id", "created_at", "updated_at") VALUES (3, 51, '2019-05-09 00:34:04', '2019-05-09 00:34:04');
INSERT INTO "favorites"("user_id", "post_id", "created_at", "updated_at") VALUES (3, 58, '2019-05-09 00:34:04', '2019-05-09 00:34:04');
INSERT INTO "favorites"("user_id", "post_id", "created_at", "updated_at") VALUES (3, 62, '2019-05-09 00:34:04', '2019-05-09 00:34:04');
INSERT INTO "favorites"("user_id", "post_id", "created_at", "updated_at") VALUES (3, 67, '2019-05-09 00:34:04', '2019-05-09 00:34:04');
INSERT INTO "favorites"("user_id", "post_id", "created_at", "updated_at") VALUES (3, 68, '2019-05-09 00:34:04', '2019-05-09 00:34:04');
INSERT INTO "favorites"("user_id", "post_id", "created_at", "updated_at") VALUES (7, 6, '2019-05-09 00:34:01', '2019-05-09 00:34:01');
INSERT INTO "favorites"("user_id", "post_id", "created_at", "updated_at") VALUES (7, 11, '2019-05-09 00:34:01', '2019-05-09 00:34:01');
INSERT INTO "favorites"("user_id", "post_id", "created_at", "updated_at") VALUES (7, 12, '2019-05-09 00:34:01', '2019-05-09 00:34:01');
INSERT INTO "favorites"("user_id", "post_id", "created_at", "updated_at") VALUES (7, 18, '2019-05-09 00:34:01', '2019-05-09 00:34:01');
INSERT INTO "favorites"("user_id", "post_id", "created_at", "updated_at") VALUES (7, 19, '2019-05-09 00:34:02', '2019-05-09 00:34:02');
INSERT INTO "favorites"("user_id", "post_id", "created_at", "updated_at") VALUES (7, 28, '2019-05-09 00:34:02', '2019-05-09 00:34:02');
INSERT INTO "favorites"("user_id", "post_id", "created_at", "updated_at") VALUES (7, 32, '2019-05-09 00:34:02', '2019-05-09 00:34:02');
INSERT INTO "favorites"("user_id", "post_id", "created_at", "updated_at") VALUES (7, 33, '2019-05-09 00:34:02', '2019-05-09 00:34:02');
INSERT INTO "favorites"("user_id", "post_id", "created_at", "updated_at") VALUES (7, 34, '2019-05-09 00:34:02', '2019-05-09 00:34:02');
INSERT INTO "favorites"("user_id", "post_id", "created_at", "updated_at") VALUES (7, 41, '2019-05-09 00:34:03', '2019-05-09 00:34:03');
INSERT INTO "favorites"("user_id", "post_id", "created_at", "updated_at") VALUES (7, 42, '2019-05-09 00:34:03', '2019-05-09 00:34:03');
INSERT INTO "favorites"("user_id", "post_id", "created_at", "updated_at") VALUES (7, 49, '2019-05-09 00:34:03', '2019-05-09 00:34:03');
INSERT INTO "favorites"("user_id", "post_id", "created_at", "updated_at") VALUES (7, 51, '2019-05-09 00:34:04', '2019-05-09 00:34:04');
INSERT INTO "favorites"("user_id", "post_id", "created_at", "updated_at") VALUES (7, 62, '2019-05-09 00:34:04', '2019-05-09 00:34:04');
INSERT INTO "favorites"("user_id", "post_id", "created_at", "updated_at") VALUES (7, 67, '2019-05-09 00:34:04', '2019-05-09 00:34:04');
INSERT INTO "favorites"("user_id", "post_id", "created_at", "updated_at") VALUES (7, 68, '2019-05-09 00:34:04', '2019-05-09 00:34:04');
INSERT INTO "favorites"("user_id", "post_id", "created_at", "updated_at") VALUES (8, 6, '2019-05-09 00:34:01', '2019-05-09 00:34:01');
INSERT INTO "favorites"("user_id", "post_id", "created_at", "updated_at") VALUES (8, 11, '2019-05-09 00:34:01', '2019-05-09 00:34:01');
INSERT INTO "favorites"("user_id", "post_id", "created_at", "updated_at") VALUES (8, 12, '2019-05-09 00:34:01', '2019-05-09 00:34:01');
INSERT INTO "favorites"("user_id", "post_id", "created_at", "updated_at") VALUES (8, 18, '2019-05-09 00:34:01', '2019-05-09 00:34:01');
INSERT INTO "favorites"("user_id", "post_id", "created_at", "updated_at") VALUES (8, 19, '2019-05-09 00:34:02', '2019-05-09 00:34:02');
INSERT INTO "favorites"("user_id", "post_id", "created_at", "updated_at") VALUES (8, 28, '2019-05-09 00:34:02', '2019-05-09 00:34:02');
INSERT INTO "favorites"("user_id", "post_id", "created_at", "updated_at") VALUES (8, 33, '2019-05-09 00:34:02', '2019-05-09 00:34:02');
INSERT INTO "favorites"("user_id", "post_id", "created_at", "updated_at") VALUES (8, 34, '2019-05-09 00:34:02', '2019-05-09 00:34:02');
INSERT INTO "favorites"("user_id", "post_id", "created_at", "updated_at") VALUES (8, 41, '2019-05-09 00:34:03', '2019-05-09 00:34:03');
INSERT INTO "favorites"("user_id", "post_id", "created_at", "updated_at") VALUES (8, 49, '2019-05-09 00:34:03', '2019-05-09 00:34:03');
INSERT INTO "favorites"("user_id", "post_id", "created_at", "updated_at") VALUES (8, 51, '2019-05-09 00:34:04', '2019-05-09 00:34:04');
INSERT INTO "favorites"("user_id", "post_id", "created_at", "updated_at") VALUES (8, 67, '2019-05-09 00:34:04', '2019-05-09 00:34:04');
INSERT INTO "favorites"("user_id", "post_id", "created_at", "updated_at") VALUES (8, 68, '2019-05-09 00:34:04', '2019-05-09 00:34:04');
INSERT INTO "favorites"("user_id", "post_id", "created_at", "updated_at") VALUES (9, 19, '2019-05-09 00:34:02', '2019-05-09 00:34:02');
INSERT INTO "favorites"("user_id", "post_id", "created_at", "updated_at") VALUES (11, 1, '2019-05-09 00:34:00', '2019-05-09 00:34:00');
INSERT INTO "favorites"("user_id", "post_id", "created_at", "updated_at") VALUES (11, 4, '2019-05-09 00:34:01', '2019-05-09 00:34:01');
INSERT INTO "favorites"("user_id", "post_id", "created_at", "updated_at") VALUES (11, 6, '2019-05-09 00:34:01', '2019-05-09 00:34:01');
INSERT INTO "favorites"("user_id", "post_id", "created_at", "updated_at") VALUES (11, 8, '2019-05-09 00:34:01', '2019-05-09 00:34:01');
INSERT INTO "favorites"("user_id", "post_id", "created_at", "updated_at") VALUES (11, 9, '2019-05-09 00:34:01', '2019-05-09 00:34:01');
INSERT INTO "favorites"("user_id", "post_id", "created_at", "updated_at") VALUES (11, 11, '2019-05-09 00:34:01', '2019-05-09 00:34:01');
INSERT INTO "favorites"("user_id", "post_id", "created_at", "updated_at") VALUES (11, 12, '2019-05-09 00:34:01', '2019-05-09 00:34:01');
INSERT INTO "favorites"("user_id", "post_id", "created_at", "updated_at") VALUES (11, 15, '2019-05-09 00:34:01', '2019-05-09 00:34:01');
INSERT INTO "favorites"("user_id", "post_id", "created_at", "updated_at") VALUES (11, 18, '2019-05-09 00:34:01', '2019-05-09 00:34:01');
INSERT INTO "favorites"("user_id", "post_id", "created_at", "updated_at") VALUES (11, 19, '2019-05-09 00:34:02', '2019-05-09 00:34:02');
INSERT INTO "favorites"("user_id", "post_id", "created_at", "updated_at") VALUES (11, 28, '2019-05-09 00:34:02', '2019-05-09 00:34:02');
INSERT INTO "favorites"("user_id", "post_id", "created_at", "updated_at") VALUES (11, 32, '2019-05-09 00:34:02', '2019-05-09 00:34:02');
INSERT INTO "favorites"("user_id", "post_id", "created_at", "updated_at") VALUES (11, 33, '2019-05-09 00:34:02', '2019-05-09 00:34:02');
INSERT INTO "favorites"("user_id", "post_id", "created_at", "updated_at") VALUES (11, 34, '2019-05-09 00:34:02', '2019-05-09 00:34:02');
INSERT INTO "favorites"("user_id", "post_id", "created_at", "updated_at") VALUES (11, 35, '2019-05-09 00:34:02', '2019-05-09 00:34:02');
INSERT INTO "favorites"("user_id", "post_id", "created_at", "updated_at") VALUES (11, 36, '2019-05-09 00:34:03', '2019-05-09 00:34:03');
INSERT INTO "favorites"("user_id", "post_id", "created_at", "updated_at") VALUES (11, 38, '2019-05-09 00:34:03', '2019-05-09 00:34:03');
INSERT INTO "favorites"("user_id", "post_id", "created_at", "updated_at") VALUES (11, 39, '2019-05-09 00:34:03', '2019-05-09 00:34:03');
INSERT INTO "favorites"("user_id", "post_id", "created_at", "updated_at") VALUES (11, 41, '2019-05-09 00:34:03', '2019-05-09 00:34:03');
INSERT INTO "favorites"("user_id", "post_id", "created_at", "updated_at") VALUES (11, 42, '2019-05-09 00:34:03', '2019-05-09 00:34:03');
INSERT INTO "favorites"("user_id", "post_id", "created_at", "updated_at") VALUES (11, 44, '2019-05-09 00:34:03', '2019-05-09 00:34:03');
INSERT INTO "favorites"("user_id", "post_id", "created_at", "updated_at") VALUES (11, 49, '2019-05-09 00:34:03', '2019-05-09 00:34:03');
INSERT INTO "favorites"("user_id", "post_id", "created_at", "updated_at") VALUES (11, 51, '2019-05-09 00:34:04', '2019-05-09 00:34:04');
INSERT INTO "favorites"("user_id", "post_id", "created_at", "updated_at") VALUES (11, 58, '2019-05-09 00:34:04', '2019-05-09 00:34:04');
INSERT INTO "favorites"("user_id", "post_id", "created_at", "updated_at") VALUES (11, 62, '2019-05-09 00:34:04', '2019-05-09 00:34:04');
INSERT INTO "favorites"("user_id", "post_id", "created_at", "updated_at") VALUES (11, 67, '2019-05-09 00:34:04', '2019-05-09 00:34:04');
INSERT INTO "favorites"("user_id", "post_id", "created_at", "updated_at") VALUES (11, 68, '2019-05-09 00:34:04', '2019-05-09 00:34:04');
INSERT INTO "favorites"("user_id", "post_id", "created_at", "updated_at") VALUES (12, 1, '2019-05-09 00:34:00', '2019-05-09 00:34:00');
INSERT INTO "favorites"("user_id", "post_id", "created_at", "updated_at") VALUES (12, 4, '2019-05-09 00:34:00', '2019-05-09 00:34:00');
INSERT INTO "favorites"("user_id", "post_id", "created_at", "updated_at") VALUES (12, 5, '2019-05-09 00:34:01', '2019-05-09 00:34:01');
INSERT INTO "favorites"("user_id", "post_id", "created_at", "updated_at") VALUES (12, 6, '2019-05-09 00:34:01', '2019-05-09 00:34:01');
INSERT INTO "favorites"("user_id", "post_id", "created_at", "updated_at") VALUES (12, 8, '2019-05-09 00:34:01', '2019-05-09 00:34:01');
INSERT INTO "favorites"("user_id", "post_id", "created_at", "updated_at") VALUES (12, 9, '2019-05-09 00:34:01', '2019-05-09 00:34:01');
INSERT INTO "favorites"("user_id", "post_id", "created_at", "updated_at") VALUES (12, 11, '2019-05-09 00:34:01', '2019-05-09 00:34:01');
INSERT INTO "favorites"("user_id", "post_id", "created_at", "updated_at") VALUES (12, 12, '2019-05-09 00:34:01', '2019-05-09 00:34:01');
INSERT INTO "favorites"("user_id", "post_id", "created_at", "updated_at") VALUES (12, 15, '2019-05-09 00:34:01', '2019-05-09 00:34:01');
INSERT INTO "favorites"("user_id", "post_id", "created_at", "updated_at") VALUES (12, 18, '2019-05-09 00:34:01', '2019-05-09 00:34:01');
INSERT INTO "favorites"("user_id", "post_id", "created_at", "updated_at") VALUES (12, 19, '2019-05-09 00:34:01', '2019-05-09 00:34:01');
INSERT INTO "favorites"("user_id", "post_id", "created_at", "updated_at") VALUES (12, 27, '2019-05-09 00:34:02', '2019-05-09 00:34:02');
INSERT INTO "favorites"("user_id", "post_id", "created_at", "updated_at") VALUES (12, 28, '2019-05-09 00:34:02', '2019-05-09 00:34:02');
INSERT INTO "favorites"("user_id", "post_id", "created_at", "updated_at") VALUES (12, 32, '2019-05-09 00:34:02', '2019-05-09 00:34:02');
INSERT INTO "favorites"("user_id", "post_id", "created_at", "updated_at") VALUES (12, 33, '2019-05-09 00:34:02', '2019-05-09 00:34:02');
INSERT INTO "favorites"("user_id", "post_id", "created_at", "updated_at") VALUES (12, 34, '2019-05-09 00:34:02', '2019-05-09 00:34:02');
INSERT INTO "favorites"("user_id", "post_id", "created_at", "updated_at") VALUES (12, 35, '2019-05-09 00:34:02', '2019-05-09 00:34:02');
INSERT INTO "favorites"("user_id", "post_id", "created_at", "updated_at") VALUES (12, 36, '2019-05-09 00:34:02', '2019-05-09 00:34:02');
INSERT INTO "favorites"("user_id", "post_id", "created_at", "updated_at") VALUES (12, 38, '2019-05-09 00:34:03', '2019-05-09 00:34:03');
INSERT INTO "favorites"("user_id", "post_id", "created_at", "updated_at") VALUES (12, 39, '2019-05-09 00:34:03', '2019-05-09 00:34:03');
INSERT INTO "favorites"("user_id", "post_id", "created_at", "updated_at") VALUES (12, 41, '2019-05-09 00:34:03', '2019-05-09 00:34:03');
INSERT INTO "favorites"("user_id", "post_id", "created_at", "updated_at") VALUES (12, 42, '2019-05-09 00:34:03', '2019-05-09 00:34:03');
INSERT INTO "favorites"("user_id", "post_id", "created_at", "updated_at") VALUES (12, 44, '2019-05-09 00:34:03', '2019-05-09 00:34:03');
INSERT INTO "favorites"("user_id", "post_id", "created_at", "updated_at") VALUES (12, 49, '2019-05-09 00:34:03', '2019-05-09 00:34:03');
INSERT INTO "favorites"("user_id", "post_id", "created_at", "updated_at") VALUES (12, 51, '2019-05-09 00:34:04', '2019-05-09 00:34:04');
INSERT INTO "favorites"("user_id", "post_id", "created_at", "updated_at") VALUES (12, 58, '2019-05-09 00:34:04', '2019-05-09 00:34:04');
INSERT INTO "favorites"("user_id", "post_id", "created_at", "updated_at") VALUES (12, 62, '2019-05-09 00:34:04', '2019-05-09 00:34:04');
INSERT INTO "favorites"("user_id", "post_id", "created_at", "updated_at") VALUES (12, 67, '2019-05-09 00:34:04', '2019-05-09 00:34:04');
INSERT INTO "favorites"("user_id", "post_id", "created_at", "updated_at") VALUES (12, 68, '2019-05-09 00:34:04', '2019-05-09 00:34:04');
INSERT INTO "favorites"("user_id", "post_id", "created_at", "updated_at") VALUES (16, 11, '2019-05-09 00:34:01', '2019-05-09 00:34:01');
INSERT INTO "favorites"("user_id", "post_id", "created_at", "updated_at") VALUES (16, 19, '2019-05-09 00:34:02', '2019-05-09 00:34:02');
INSERT INTO "favorites"("user_id", "post_id", "created_at", "updated_at") VALUES (16, 34, '2019-05-09 00:34:02', '2019-05-09 00:34:02');
INSERT INTO "favorites"("user_id", "post_id", "created_at", "updated_at") VALUES (16, 49, '2019-05-09 00:34:03', '2019-05-09 00:34:03');
INSERT INTO "favorites"("user_id", "post_id", "created_at", "updated_at") VALUES (16, 51, '2019-05-09 00:34:04', '2019-05-09 00:34:04');
INSERT INTO "favorites"("user_id", "post_id", "created_at", "updated_at") VALUES (16, 67, '2019-05-09 00:34:04', '2019-05-09 00:34:04');
INSERT INTO "favorites"("user_id", "post_id", "created_at", "updated_at") VALUES (17, 19, '2019-05-09 00:34:02', '2019-05-09 00:34:02');
INSERT INTO "favorites"("user_id", "post_id", "created_at", "updated_at") VALUES (17, 49, '2019-05-09 00:34:04', '2019-05-09 00:34:04');
INSERT INTO "favorites"("user_id", "post_id", "created_at", "updated_at") VALUES (17, 67, '2019-05-09 00:34:04', '2019-05-09 00:34:04');
